iter,new_cuts,total_cuts,V,ΔV,t_fwd,t_bwd,t_eval,t_iter,t_cum,unique_nodes,bwd_work_units,avg_children_visited,per_stage
1,9,9,2.564384897693742,2.564384897693742,1.9240000247955322,1.9820001125335693,0.0,3.9060001373291016,3.9060001373291016,9,900,100.0,"[1, 1, 1, 1, 1, 1, 1, 1, 1]"
2,9,18,5.952807768871454,3.3884228711777116,0.03300023078918457,0.7299997806549072,0.0,0.7630000114440918,4.669000148773193,9,900,100.0,"[2, 2, 2, 2, 2, 2, 2, 2, 2]"
3,9,27,10.20933136560431,4.2565235967328565,0.021000146865844727,0.749000072479248,0.0,0.7700002193450928,5.439000368118286,9,900,100.0,"[3, 3, 3, 3, 3, 3, 3, 3, 3]"
4,8,35,11.134593293514898,0.9252619279105883,0.021999835968017578,0.753000020980835,0.0,0.7749998569488525,6.214000225067139,9,900,100.0,"[4, 4, 4, 3, 4, 4, 4, 4, 4]"
5,9,44,11.202592656296877,0.06799936278197904,0.02200007438659668,0.746999979019165,0.0,0.7690000534057617,6.9830002784729,9,900,100.0,"[5, 5, 5, 4, 5, 5, 5, 5, 5]"
6,8,52,11.757503651225104,0.5549109949282265,0.023000001907348633,0.7519998550415039,0.0,0.7749998569488525,7.758000135421753,9,900,100.0,"[6, 6, 6, 5, 6, 6, 6, 6, 5]"
7,9,61,12.045474360672609,0.2879707094475048,0.024000167846679688,0.747999906539917,0.0,0.7720000743865967,8.53000020980835,9,900,100.0,"[7, 7, 7, 6, 7, 7, 7, 7, 6]"
8,8,69,13.009978215848228,0.9645038551756198,0.023999929428100586,0.7580001354217529,0.0,0.7820000648498535,9.312000274658203,9,900,100.0,"[8, 8, 8, 7, 8, 8, 8, 8, 6]"
9,8,77,14.178604287240937,1.1686260713927084,0.02200007438659668,0.7609999179840088,0.0,0.7829999923706055,10.095000267028809,9,900,100.0,"[9, 9, 9, 8, 9, 9, 9, 9, 6]"
10,9,86,14.30552662926101,0.12692234202007313,0.020999908447265625,0.9260001182556152,0.0,0.9470000267028809,11.04200029373169,9,900,100.0,"[10, 10, 10, 9, 10, 10, 10, 10, 7]"
11,7,93,14.335014244326588,0.02948761506557851,0.02499985694885254,0.815000057220459,0.0,0.8399999141693115,11.882000207901001,9,900,100.0,"[11, 11, 10, 10, 11, 11, 11, 11, 7]"
12,8,101,14.347824747895114,0.012810503568525533,0.02200007438659668,0.7769999504089355,0.0,0.7990000247955322,12.681000232696533,9,900,100.0,"[12, 12, 10, 11, 12, 12, 12, 12, 8]"
13,6,107,14.347824747895114,0.0,0.023000001907348633,0.8020000457763672,0.0,0.8250000476837158,13.506000280380249,9,900,100.0,"[12, 12, 10, 12, 13, 13, 13, 13, 9]"
14,6,113,14.347824747895114,0.0,0.026000022888183594,0.7949998378753662,0.0,0.8209998607635498,14.327000141143799,9,900,100.0,"[12, 12, 11, 13, 14, 14, 14, 14, 9]"
15,9,122,15.0362167760903,0.6883920281951852,0.026000022888183594,0.7740001678466797,0.0,0.8000001907348633,15.127000331878662,9,900,100.0,"[13, 13, 12, 14, 15, 15, 15, 15, 10]"
16,9,131,15.291334410121946,0.255117634031647,0.021999835968017578,0.7750000953674316,0.0,0.7969999313354492,15.924000263214111,9,900,100.0,"[14, 14, 13, 15, 16, 16, 16, 16, 11]"
17,8,139,15.468288754407055,0.17695434428510914,0.023999929428100586,0.753000020980835,0.0,0.7769999504089355,16.701000213623047,9,900,100.0,"[15, 15, 14, 16, 17, 17, 17, 17, 11]"
18,8,147,15.82769717848249,0.3594084240754345,0.02200007438659668,0.7660000324249268,0.0,0.7880001068115234,17.48900032043457,9,900,100.0,"[16, 16, 15, 17, 18, 18, 18, 18, 11]"
19,9,156,16.00986053818457,0.18216335970207886,0.023000001907348633,0.7560000419616699,0.0,0.7790000438690186,18.26800036430359,9,900,100.0,"[17, 17, 16, 18, 19, 19, 19, 19, 12]"
20,9,165,16.150074457666378,0.14021391948180906,0.025999784469604492,0.7700002193450928,0.0,0.7960000038146973,19.064000368118286,9,900,100.0,"[18, 18, 17, 19, 20, 20, 20, 20, 13]"
21,6,171,16.211892856933574,0.0618183992671959,0.02499985694885254,0.7929999828338623,0.0,0.8179998397827148,19.882000207901,9,900,100.0,"[19, 19, 18, 20, 21, 20, 20, 21, 13]"
22,7,178,16.21980466280514,0.007911805871565036,0.04500007629394531,0.7809998989105225,0.0,0.8259999752044678,20.70800018310547,9,900,100.0,"[20, 20, 19, 21, 22, 21, 21, 21, 13]"
23,9,187,16.421714639662024,0.20190997685688572,0.024000167846679688,0.7669999599456787,0.0,0.7910001277923584,21.499000310897827,9,900,100.0,"[21, 21, 20, 22, 23, 22, 22, 22, 14]"
24,9,196,16.44918757843628,0.02747293877425605,0.023999929428100586,0.7829999923706055,0.0,0.806999921798706,22.306000232696533,9,900,100.0,"[22, 22, 21, 23, 24, 23, 23, 23, 15]"
25,9,205,16.605759580617374,0.15657200218109324,0.026000022888183594,0.8259999752044678,0.0,0.8519999980926514,23.158000230789185,9,900,100.0,"[23, 23, 22, 24, 25, 24, 24, 24, 16]"
26,8,213,16.677827953661488,0.07206837304411451,0.02500009536743164,0.804999828338623,0.0,0.8299999237060547,23.98800015449524,9,900,100.0,"[24, 24, 23, 25, 26, 25, 25, 25, 16]"
27,9,222,16.72383859993705,0.04601064627556184,0.02500009536743164,0.8320000171661377,0.0,0.8570001125335693,24.84500026702881,9,900,100.0,"[25, 25, 24, 26, 27, 26, 26, 26, 17]"
28,8,230,16.754109276301712,0.030270676364661853,0.023999929428100586,0.8320000171661377,0.0,0.8559999465942383,25.701000213623047,9,900,100.0,"[26, 26, 25, 27, 28, 27, 27, 27, 17]"
29,8,238,16.792398629302077,0.03828935300036562,0.026000022888183594,0.8540000915527344,0.0,0.880000114440918,26.581000328063965,9,900,100.0,"[27, 27, 26, 28, 29, 28, 28, 28, 17]"
30,8,246,16.80029489257119,0.007896263269113746,0.0279998779296875,0.8070001602172852,0.0,0.8350000381469727,27.416000366210938,9,900,100.0,"[28, 28, 27, 29, 29, 29, 29, 29, 18]"
31,9,255,16.81029465654439,0.009999763973198128,0.026999950408935547,0.8529999256134033,0.0,0.8799998760223389,28.296000242233276,9,900,100.0,"[29, 29, 28, 30, 30, 30, 30, 30, 19]"
32,7,262,16.811754019751607,0.0014593632072177343,0.02500009536743164,0.7809998989105225,0.0,0.8059999942779541,29.10200023651123,9,900,100.0,"[30, 30, 29, 30, 30, 31, 31, 31, 20]"
33,8,270,16.811895333561534,0.00014131380992665754,0.023000001907348633,0.7880001068115234,0.0,0.8110001087188721,29.913000345230103,9,900,100.0,"[31, 31, 29, 31, 31, 32, 32, 32, 21]"
34,7,277,16.811895333561534,0.0,0.023000001907348633,0.8009998798370361,0.0,0.8239998817443848,30.737000226974487,9,900,100.0,"[31, 31, 30, 32, 32, 33, 33, 33, 22]"
35,7,284,16.828015530669703,0.01612019710816881,0.02500009536743164,0.7899999618530273,0.0,0.815000057220459,31.552000284194946,9,900,100.0,"[32, 32, 31, 33, 32, 34, 34, 34, 22]"
36,9,293,16.832409078215193,0.004393547545490151,0.02499985694885254,0.8040001392364502,0.0,0.8289999961853027,32.38100028038025,9,900,100.0,"[33, 33, 32, 34, 33, 35, 35, 35, 23]"
37,7,300,16.835987853148154,0.003578774932961437,0.02499985694885254,0.8040001392364502,0.0,0.8289999961853027,33.21000027656555,9,900,100.0,"[34, 34, 33, 35, 34, 36, 36, 35, 23]"
38,9,309,16.84887912467364,0.012891271525486303,0.023999929428100586,0.7929999828338623,0.0,0.8169999122619629,34.027000188827515,9,900,100.0,"[35, 35, 34, 36, 35, 37, 37, 36, 24]"
39,7,316,16.85263830361178,0.0037591789381394847,0.024000167846679688,0.8169999122619629,0.0,0.8410000801086426,34.86800026893616,9,900,100.0,"[36, 36, 35, 37, 36, 37, 38, 36, 25]"
40,9,325,16.864260560396605,0.011622256784825424,0.026000022888183594,0.8050000667572021,0.0,0.8310000896453857,35.69900035858154,9,900,100.0,"[37, 37, 36, 38, 37, 38, 39, 37, 26]"
41,8,333,16.866576080266913,0.0023155198703079805,0.026999950408935547,0.8209998607635498,0.0,0.8479998111724854,36.54700016975403,9,900,100.0,"[38, 38, 37, 39, 38, 39, 40, 38, 26]"
42,7,340,16.874339858755416,0.007763778488502737,0.02500009536743164,0.8009998798370361,0.0,0.8259999752044678,37.373000144958496,9,900,100.0,"[39, 39, 38, 40, 39, 40, 41, 38, 26]"
43,9,349,16.885928293030638,0.011588434275221715,0.04700016975402832,0.8179998397827148,0.0,0.8650000095367432,38.23800015449524,9,900,100.0,"[40, 40, 39, 41, 40, 41, 42, 39, 27]"
44,8,357,16.997330017365872,0.11140172433523432,0.02500009536743164,0.7929999828338623,0.0,0.818000078201294,39.05600023269653,9,900,100.0,"[41, 41, 40, 42, 41, 42, 43, 40, 27]"
45,8,365,17.065915301435698,0.068585284069826,0.023999929428100586,0.8040001392364502,0.0,0.8280000686645508,39.884000301361084,9,900,100.0,"[42, 42, 41, 43, 42, 43, 44, 41, 27]"
46,8,373,17.08923978717477,0.023324485739070866,0.023999929428100586,0.8420000076293945,0.0,0.8659999370574951,40.75000023841858,9,900,100.0,"[43, 43, 42, 44, 43, 44, 45, 42, 27]"
47,8,381,17.091027000993783,0.001787213819014255,0.02500009536743164,0.8179998397827148,0.0,0.8429999351501465,41.593000173568726,9,900,100.0,"[44, 44, 43, 45, 44, 45, 46, 43, 27]"
48,8,389,17.126451491389126,0.0354244903953429,0.02500009536743164,0.806999921798706,0.0,0.8320000171661377,42.42500019073486,9,900,100.0,"[45, 45, 44, 46, 45, 46, 47, 44, 27]"
49,8,397,17.134001652163906,0.0075501607747803234,0.024000167846679688,0.8349997997283936,0.0,0.8589999675750732,43.28400015830994,9,900,100.0,"[46, 46, 45, 47, 46, 47, 48, 45, 27]"
50,8,405,17.152645762854956,0.01864411069104932,0.02700018882751465,0.8329999446868896,0.0,0.8600001335144043,44.14400029182434,9,900,100.0,"[47, 47, 46, 48, 47, 48, 49, 46, 27]"
51,9,414,17.154953233639425,0.0023074707844692455,0.026000022888183594,0.8619999885559082,0.0,0.8880000114440918,45.03200030326843,9,900,100.0,"[48, 48, 47, 49, 48, 49, 50, 47, 28]"
52,8,422,17.22136148525977,0.06640825162034503,0.02499985694885254,0.8420000076293945,0.0,0.8669998645782471,45.89900016784668,9,900,100.0,"[49, 49, 48, 50, 49, 50, 51, 48, 28]"
53,6,428,17.245095377170067,0.023733891910296734,0.02500009536743164,0.8229999542236328,0.0,0.8480000495910645,46.747000217437744,9,900,100.0,"[50, 50, 49, 51, 50, 51, 51, 48, 28]"
54,8,436,17.337190540605786,0.09209516343571877,0.026000022888183594,0.8280000686645508,0.0,0.8540000915527344,47.60100030899048,9,900,100.0,"[51, 51, 50, 52, 51, 52, 52, 49, 28]"
55,9,445,17.403625496204512,0.06643495559872648,0.026000022888183594,0.8379998207092285,0.0,0.8639998435974121,48.46500015258789,9,900,100.0,"[52, 52, 51, 53, 52, 53, 53, 50, 29]"
56,9,454,17.428831123723327,0.025205627518815277,0.02700018882751465,0.8349997997283936,0.0,0.8619999885559082,49.3270001411438,9,900,100.0,"[53, 53, 52, 54, 53, 54, 54, 51, 30]"
57,8,462,17.440637127471476,0.011806003748148441,0.02500009536743164,0.818000078201294,0.0,0.8430001735687256,50.170000314712524,9,900,100.0,"[54, 54, 53, 55, 54, 55, 55, 52, 30]"
58,9,471,17.491310002743838,0.05067287527236175,0.042999982833862305,0.8289999961853027,0.0,0.871999979019165,51.04200029373169,9,900,100.0,"[55, 55, 54, 56, 55, 56, 56, 53, 31]"
59,8,479,17.509501924682176,0.01819192193833885,0.026000022888183594,0.8259999752044678,0.0,0.8519999980926514,51.89400029182434,9,900,100.0,"[56, 56, 55, 57, 56, 57, 57, 54, 31]"
60,9,488,17.515725934435075,0.006224009752898496,0.026000022888183594,0.8550000190734863,0.0,0.8810000419616699,52.77500033378601,9,900,100.0,"[57, 57, 56, 58, 57, 58, 58, 55, 32]"
61,8,496,17.539633258655435,0.023907324220360238,0.026999950408935547,0.8359999656677246,0.0,0.8629999160766602,53.63800024986267,9,900,100.0,"[58, 58, 57, 59, 58, 59, 59, 56, 32]"
62,8,504,17.542456695477668,0.00282343682223285,0.02500009536743164,0.8509998321533203,0.0,0.875999927520752,54.51400017738342,9,900,100.0,"[59, 59, 58, 60, 59, 60, 60, 57, 32]"
63,9,513,17.552122221287767,0.009665525810099496,0.0280001163482666,0.8469998836517334,0.0,0.875,55.38900017738342,9,900,100.0,"[60, 60, 59, 61, 60, 61, 61, 58, 33]"
64,7,520,17.55442256992455,0.0023003486367834114,0.024000167846679688,0.8429999351501465,0.0,0.8670001029968262,56.25600028038025,9,900,100.0,"[61, 61, 60, 62, 61, 62, 62, 58, 33]"
65,8,528,17.5676870448964,0.013264474971848017,0.04399991035461426,0.8410000801086426,0.0,0.8849999904632568,57.141000270843506,9,900,100.0,"[62, 62, 61, 63, 62, 63, 63, 59, 33]"
66,9,537,17.568263663056232,0.000576618159833231,0.026999950408935547,0.8250000476837158,0.0,0.8519999980926514,57.99300026893616,9,900,100.0,"[63, 63, 62, 64, 63, 64, 64, 60, 34]"
67,9,546,17.568266212791727,2.549735494739025e-6,0.0279998779296875,0.8670001029968262,0.0,0.8949999809265137,58.88800024986267,9,900,100.0,"[64, 64, 63, 65, 64, 65, 65, 61, 35]"
68,8,554,17.568471872065338,0.0002056592736110474,0.026999950408935547,0.8280000686645508,0.0,0.8550000190734863,59.74300026893616,9,900,100.0,"[65, 65, 64, 66, 65, 66, 66, 62, 35]"
69,9,563,17.572496201455593,0.004024329390254877,0.0279998779296875,0.8650000095367432,0.0,0.8929998874664307,60.63600015640259,9,900,100.0,"[66, 66, 65, 67, 66, 67, 67, 63, 36]"
70,8,571,17.573125755215298,0.0006295537597047485,0.02700018882751465,0.8420000076293945,0.0,0.8690001964569092,61.5050003528595,9,900,100.0,"[67, 67, 66, 68, 67, 68, 68, 64, 36]"
71,8,579,17.573137303893276,1.1548677978368005e-5,0.026999950408935547,0.8629999160766602,0.0,0.8899998664855957,62.39500021934509,9,900,100.0,"[68, 68, 67, 69, 68, 69, 69, 65, 36]"
72,8,587,17.573166740177015,2.9436283739414648e-5,0.026999950408935547,0.8420000076293945,0.0,0.8689999580383301,63.26400017738342,9,900,100.0,"[69, 69, 68, 70, 69, 70, 70, 66, 36]"
73,8,595,17.573174182026975,7.441849959377578e-6,0.02700018882751465,0.8689999580383301,0.0,0.8960001468658447,64.16000032424927,9,900,100.0,"[70, 70, 69, 71, 70, 71, 71, 67, 36]"
74,8,603,17.573264260857602,9.007883062750466e-5,0.0279998779296875,0.8600001335144043,0.0,0.8880000114440918,65.04800033569336,9,900,100.0,"[71, 71, 70, 72, 71, 72, 72, 68, 36]"
75,8,611,17.573280253100148,1.5992242545337376e-5,0.026999950408935547,0.8710000514984131,0.0,0.8980000019073486,65.94600033760071,9,900,100.0,"[72, 72, 71, 73, 72, 73, 73, 69, 36]"
76,8,619,17.573643265394978,0.0003630122948301562,0.028999805450439453,0.8640000820159912,0.0,0.8929998874664307,66.83900022506714,9,900,100.0,"[73, 73, 72, 74, 73, 74, 74, 70, 36]"
77,9,628,17.57541206019618,0.001768794801201068,0.026000022888183594,0.8619999885559082,0.0,0.8880000114440918,67.72700023651123,9,900,100.0,"[74, 74, 73, 75, 74, 75, 75, 71, 37]"
78,9,637,17.580693354621857,0.005281294425678595,0.0280001163482666,0.875999927520752,0.0,0.9040000438690186,68.63100028038025,9,900,100.0,"[75, 75, 74, 76, 75, 76, 76, 72, 38]"
79,8,645,17.61290809621189,0.03221474159003179,0.0279998779296875,0.8519999980926514,0.0,0.8799998760223389,69.51100015640259,9,900,100.0,"[76, 76, 75, 77, 76, 77, 77, 73, 38]"
80,9,654,17.615743389534483,0.0028352933225939125,0.029000043869018555,1.001000165939331,0.0,1.0300002098083496,70.54100036621094,9,900,100.0,"[77, 77, 76, 78, 77, 78, 78, 74, 39]"
81,7,661,17.623601451709696,0.00785806217521312,0.03299999237060547,1.121000051498413,0.0,1.1540000438690186,71.69500041007996,9,900,100.0,"[78, 78, 77, 79, 78, 79, 79, 74, 39]"
82,8,669,17.624095812254733,0.0004943605450371535,0.026000022888183594,0.997999906539917,0.0,1.0239999294281006,72.71900033950806,9,900,100.0,"[79, 79, 78, 80, 79, 80, 80, 75, 39]"
83,9,678,17.626109698697302,0.0020138864425689462,0.0279998779296875,0.939000129699707,0.0,0.9670000076293945,73.68600034713745,9,900,100.0,"[80, 80, 79, 81, 80, 81, 81, 76, 40]"
84,8,686,17.626187604925178,7.79062278759568e-5,0.03099989891052246,0.8810000419616699,0.0,0.9119999408721924,74.59800028800964,9,900,100.0,"[81, 81, 80, 82, 81, 82, 82, 77, 40]"
85,8,694,17.671426295328697,0.04523869040351869,0.026000022888183594,0.8959999084472656,0.0,0.9219999313354492,75.52000021934509,9,900,100.0,"[82, 82, 81, 83, 82, 83, 83, 78, 40]"
86,9,703,17.68084752112656,0.009421225797861865,0.029000043869018555,0.8810000419616699,0.0,0.9100000858306885,76.43000030517578,9,900,100.0,"[83, 83, 82, 84, 83, 84, 84, 79, 41]"
87,7,710,17.682019067254863,0.0011715461283046125,0.026999950408935547,0.8819999694824219,0.0,0.9089999198913574,77.33900022506714,9,900,100.0,"[84, 84, 83, 85, 84, 85, 85, 79, 41]"
88,9,719,17.682892334022572,0.0008732667677087136,0.0280001163482666,0.8989999294281006,0.0,0.9270000457763672,78.2660002708435,9,900,100.0,"[85, 85, 84, 86, 85, 86, 86, 80, 42]"
89,8,727,17.686939577543175,0.004047243520602706,0.026000022888183594,0.8659999370574951,0.0,0.8919999599456787,79.15800023078918,9,900,100.0,"[86, 86, 85, 87, 86, 87, 87, 81, 42]"
90,8,735,17.688121247250823,0.0011816697076483251,0.02700018882751465,0.8980000019073486,0.0,0.9250001907348633,80.08300042152405,9,900,100.0,"[87, 87, 86, 88, 87, 88, 88, 82, 42]"
91,9,744,17.688517245985164,0.00039599873434070787,0.029999971389770508,0.9129998683929443,0.0,0.9429998397827148,81.02600026130676,9,900,100.0,"[88, 88, 87, 89, 88, 89, 89, 83, 43]"
92,9,753,17.689257823353227,0.0007405773680631,0.026999950408935547,0.8940000534057617,0.0,0.9210000038146973,81.94700026512146,9,900,100.0,"[89, 89, 88, 90, 89, 90, 90, 84, 44]"
93,8,761,17.68927002813386,1.2204780631464018e-5,0.04200005531311035,0.8870000839233398,0.0,0.9290001392364502,82.87600040435791,9,900,100.0,"[90, 90, 89, 91, 90, 91, 91, 85, 44]"
94,9,770,17.69846278187576,0.009192753741903203,0.026999950408935547,0.9100000858306885,0.0,0.937000036239624,83.81300044059753,9,900,100.0,"[91, 91, 90, 92, 91, 92, 92, 86, 45]"
95,8,778,17.70243463887834,0.003971857002579071,0.025999784469604492,0.9060001373291016,0.0,0.931999921798706,84.74500036239624,9,900,100.0,"[92, 92, 91, 93, 92, 93, 93, 87, 45]"
96,8,786,17.71605420071839,0.013619561840048533,0.029000043869018555,0.8869998455047607,0.0,0.9159998893737793,85.66100025177002,9,900,100.0,"[93, 93, 92, 94, 93, 94, 94, 88, 45]"
97,9,795,17.717731308402186,0.001677107683796919,0.029000043869018555,0.9079999923706055,0.0,0.937000036239624,86.59800028800964,9,900,100.0,"[94, 94, 93, 95, 94, 95, 95, 89, 46]"
98,8,803,17.7362901779751,0.01855886957291375,0.0280001163482666,0.9119999408721924,0.0,0.940000057220459,87.5380003452301,9,900,100.0,"[95, 95, 94, 96, 95, 96, 96, 90, 46]"
99,9,812,17.740008096435414,0.003717918460313996,0.0279998779296875,0.8930001258850098,0.0,0.9210000038146973,88.4590003490448,9,900,100.0,"[96, 96, 95, 97, 96, 97, 97, 91, 47]"
100,9,821,17.785527772271983,0.04551967583656946,0.042999982833862305,0.8940000534057617,0.0,0.937000036239624,89.39600038528442,9,900,100.0,"[97, 97, 96, 98, 97, 98, 98, 92, 48]"
101,8,829,17.795901015027393,0.010373242755409962,0.03099989891052246,0.9060001373291016,0.0,0.937000036239624,90.33300042152405,9,900,100.0,"[98, 98, 97, 99, 98, 99, 99, 93, 48]"
102,8,837,17.808797542658375,0.012896527630982035,0.026999950408935547,0.9199998378753662,0.0,0.9469997882843018,91.28000020980835,9,900,100.0,"[99, 99, 98, 100, 99, 100, 100, 94, 48]"
103,8,845,17.809797854404433,0.001000311746057747,0.03000020980834961,0.9219999313354492,0.0,0.9520001411437988,92.23200035095215,9,900,100.0,"[100, 100, 99, 101, 100, 101, 101, 95, 48]"
104,8,853,17.82386355047317,0.01406569606873731,0.0279998779296875,0.9030001163482666,0.0,0.9309999942779541,93.1630003452301,9,900,100.0,"[101, 101, 100, 102, 101, 102, 102, 96, 48]"
105,8,861,17.826519375720306,0.0026558252471353683,0.029999971389770508,0.9300000667572021,0.0,0.9600000381469727,94.12300038337708,9,900,100.0,"[102, 102, 101, 103, 102, 103, 103, 97, 48]"
106,8,869,17.827765155988548,0.0012457802682419583,0.0279998779296875,0.9230000972747803,0.0,0.9509999752044678,95.07400035858154,9,900,100.0,"[103, 103, 102, 104, 103, 104, 104, 98, 48]"
107,9,878,17.828088647007288,0.00032349101874018515,0.029000043869018555,0.9189999103546143,0.0,0.9479999542236328,96.02200031280518,9,900,100.0,"[104, 104, 103, 105, 104, 105, 105, 99, 49]"
108,8,886,17.829262373482116,0.0011737264748283849,0.0280001163482666,0.9089999198913574,0.0,0.937000036239624,96.9590003490448,9,900,100.0,"[105, 105, 103, 106, 105, 106, 106, 100, 50]"
109,9,895,17.829516102050516,0.0002537285683992252,0.029999971389770508,0.9140000343322754,0.0,0.9440000057220459,97.90300035476685,9,900,100.0,"[106, 106, 104, 107, 106, 107, 107, 101, 51]"
110,8,903,17.835745498810194,0.006229396759678707,0.0279998779296875,0.9279999732971191,0.0,0.9559998512268066,98.85900020599365,9,900,100.0,"[107, 107, 105, 108, 107, 108, 108, 102, 51]"
111,8,911,17.836795929327184,0.001050430516990275,0.03000020980834961,0.935999870300293,0.0,0.9660000801086426,99.8250002861023,9,900,100.0,"[108, 108, 106, 109, 108, 109, 109, 103, 51]"
112,7,918,17.83823660805093,0.0014406787237462026,0.026999950408935547,0.9340000152587891,0.0,0.9609999656677246,100.78600025177002,9,900,100.0,"[109, 109, 107, 110, 109, 110, 110, 103, 51]"
113,8,926,17.838781183115067,0.00054457506413641,0.0280001163482666,0.9449999332427979,0.0,0.9730000495910645,101.75900030136108,9,900,100.0,"[110, 110, 108, 111, 110, 111, 111, 104, 51]"
114,8,934,17.84513489925737,0.0063537161423035116,0.0280001163482666,0.931999921798706,0.0,0.9600000381469727,102.71900033950806,9,900,100.0,"[111, 111, 109, 112, 111, 112, 112, 105, 51]"
115,8,942,17.846188051301368,0.001053152043997585,0.029000043869018555,0.9189999103546143,0.0,0.9479999542236328,103.66700029373169,9,900,100.0,"[112, 112, 110, 113, 112, 113, 113, 106, 51]"
116,9,951,17.84634998416568,0.00016193286431231968,0.029999971389770508,0.939000129699707,0.0,0.9690001010894775,104.63600039482117,9,900,100.0,"[113, 113, 111, 114, 113, 114, 114, 107, 52]"
117,8,959,17.847538306112043,0.001188321946361981,0.029999971389770508,0.9489998817443848,0.0,0.9789998531341553,105.61500024795532,9,900,100.0,"[114, 114, 112, 115, 114, 115, 115, 108, 52]"
118,9,968,17.859200919495663,0.011662613383620624,0.032000064849853516,0.937000036239624,0.0,0.9690001010894775,106.5840003490448,9,900,100.0,"[115, 115, 113, 116, 115, 116, 116, 109, 53]"
119,6,974,17.860739477955114,0.001538558459451167,0.0279998779296875,0.9500000476837158,0.0,0.9779999256134033,107.5620002746582,9,900,100.0,"[116, 116, 114, 117, 116, 117, 116, 109, 53]"
120,8,982,17.862613185413252,0.0018737074581380853,0.031000137329101562,0.9429998397827148,0.0,0.9739999771118164,108.53600025177002,9,900,100.0,"[117, 117, 115, 118, 117, 118, 117, 110, 53]"
121,9,991,17.862798516849285,0.0001853314360324987,0.032000064849853516,0.9649999141693115,0.0,0.996999979019165,109.53300023078918,9,900,100.0,"[118, 118, 116, 119, 118, 119, 118, 111, 54]"
122,8,999,17.86498048249769,0.002181965648404116,0.029000043869018555,0.9449999332427979,0.0,0.9739999771118164,110.507000207901,9,900,100.0,"[119, 119, 117, 120, 119, 120, 119, 112, 54]"
123,9,1008,17.86605298147251,0.001072498974821201,0.029000043869018555,0.9570000171661377,0.0,0.9860000610351562,111.49300026893616,9,900,100.0,"[120, 120, 118, 121, 120, 121, 120, 113, 55]"
124,9,1017,17.869758683224454,0.003705701751943735,0.029000043869018555,0.9289999008178711,0.0,0.9579999446868896,112.45100021362305,9,900,100.0,"[121, 121, 119, 122, 121, 122, 121, 114, 56]"
125,9,1026,17.869857250430318,9.856720586398637e-5,0.03000020980834961,0.9449999332427979,0.0,0.9750001430511475,113.4260003566742,9,900,100.0,"[122, 122, 120, 123, 122, 123, 122, 115, 57]"
126,8,1034,17.87103573915477,0.0011784887244523645,0.029999971389770508,0.9449999332427979,0.0,0.9749999046325684,114.40100026130676,9,900,100.0,"[123, 123, 121, 124, 123, 124, 123, 116, 57]"
127,8,1042,17.87155326922115,0.0005175300663786686,0.03299999237060547,0.9260001182556152,0.0,0.9590001106262207,115.36000037193298,9,900,100.0,"[124, 124, 122, 125, 124, 125, 124, 117, 57]"
128,9,1051,17.87530032076521,0.003747051544060298,0.04399991035461426,0.9330000877380371,0.0,0.9769999980926514,116.33700037002563,9,900,100.0,"[125, 125, 123, 126, 125, 126, 125, 118, 58]"
129,9,1060,17.875729791721085,0.00042947095587564377,0.04399991035461426,0.9279999732971191,0.0,0.9719998836517334,117.30900025367737,9,900,100.0,"[126, 126, 124, 127, 126, 127, 126, 119, 59]"
130,8,1068,17.87646500773782,0.0007352160167357624,0.031000137329101562,0.9600000381469727,0.0,0.9910001754760742,118.30000042915344,9,900,100.0,"[127, 127, 125, 128, 127, 128, 127, 120, 59]"
131,9,1077,17.87713651015825,0.0006715024204275721,0.029999971389770508,0.9440000057220459,0.0,0.9739999771118164,119.27400040626526,9,900,100.0,"[128, 128, 126, 129, 128, 129, 128, 121, 60]"
132,8,1085,17.879720958024134,0.0025844478658854086,0.029999971389770508,0.9609999656677246,0.0,0.9909999370574951,120.26500034332275,9,900,100.0,"[129, 129, 127, 130, 129, 130, 129, 122, 60]"
133,9,1094,17.879845197147688,0.0001242391235543039,0.029000043869018555,0.937999963760376,0.0,0.9670000076293945,121.23200035095215,9,900,100.0,"[130, 130, 128, 131, 130, 131, 130, 123, 61]"
134,8,1102,17.88064661813174,0.0008014209840503383,0.04399991035461426,0.9479999542236328,0.0,0.9919998645782471,122.2240002155304,9,900,100.0,"[131, 131, 129, 132, 131, 132, 131, 124, 61]"
135,9,1111,17.880888549163405,0.00024193103166680885,0.04500007629394531,0.9530000686645508,0.0,0.9980001449584961,123.22200036048889,9,900,100.0,"[132, 132, 130, 133, 132, 133, 132, 125, 62]"
136,9,1120,17.881926951437002,0.0010384022735969722,0.04500007629394531,0.9699997901916504,0.0,1.0149998664855957,124.23700022697449,9,900,100.0,"[133, 133, 131, 134, 133, 134, 133, 126, 63]"
137,8,1128,17.881954723254132,2.7771817130428644e-5,0.029000043869018555,0.9650001525878906,0.0,0.9940001964569092,125.2310004234314,9,900,100.0,"[134, 134, 132, 135, 134, 135, 134, 127, 63]"
138,8,1136,17.882029976177314,7.52529231817789e-5,0.029999971389770508,0.9739999771118164,0.0,1.003999948501587,126.23500037193298,9,900,100.0,"[135, 135, 133, 136, 135, 136, 135, 128, 63]"
139,8,1144,17.8820968211661,6.684498878684053e-5,0.03099989891052246,0.9679999351501465,0.0,0.998999834060669,127.23400020599365,9,900,100.0,"[136, 136, 134, 137, 136, 137, 136, 129, 63]"
140,8,1152,17.882907950326107,0.000811129160005919,0.031000137329101562,0.9719998836517334,0.0,1.003000020980835,128.2370002269745,9,900,100.0,"[137, 137, 135, 138, 137, 138, 137, 130, 63]"
141,8,1160,17.883472766276675,0.0005648159505682315,0.031999826431274414,0.9740002155303955,0.0,1.00600004196167,129.24300026893616,9,900,100.0,"[138, 138, 136, 139, 138, 139, 138, 131, 63]"
142,8,1168,17.902638025724844,0.019165259448168825,0.0279998779296875,0.9730000495910645,0.0,1.000999927520752,130.2440001964569,9,900,100.0,"[139, 139, 137, 140, 139, 140, 139, 132, 63]"
143,8,1176,17.90619204803076,0.0035540223059165044,0.029999971389770508,1.125,0.0,1.1549999713897705,131.39900016784668,9,900,100.0,"[140, 140, 138, 141, 140, 141, 140, 133, 63]"
144,8,1184,17.907296457249444,0.0011044092186835996,0.03299999237060547,1.0320000648498535,0.0,1.065000057220459,132.46400022506714,9,900,100.0,"[141, 141, 139, 142, 141, 142, 141, 134, 63]"
145,7,1191,17.907466066346927,0.00016960909748320319,0.03099989891052246,1.0169999599456787,0.0,1.0479998588562012,133.51200008392334,9,900,100.0,"[142, 142, 140, 143, 142, 143, 142, 134, 63]"
146,6,1197,17.907466066346927,0.0,0.031000137329101562,0.9889998435974121,0.0,1.0199999809265137,134.53200006484985,9,900,100.0,"[142, 142, 141, 144, 143, 144, 143, 135, 63]"
147,8,1205,17.908233104013465,0.0007670376665380729,0.03000020980834961,0.9729998111724854,0.0,1.003000020980835,135.5350000858307,9,900,100.0,"[143, 143, 142, 145, 144, 145, 144, 136, 63]"
148,8,1213,17.908468802356385,0.000235698342919477,0.029999971389770508,1.002000093460083,0.0,1.0320000648498535,136.56700015068054,9,900,100.0,"[144, 144, 143, 146, 145, 146, 145, 137, 63]"
149,9,1222,17.908889158113915,0.0004203557575301886,0.0280001163482666,0.9719998836517334,0.0,1.0,137.56700015068054,9,900,100.0,"[145, 145, 144, 147, 146, 147, 146, 138, 64]"
150,8,1230,17.909641239455585,0.0007520813416697081,0.03299999237060547,0.9850001335144043,0.0,1.0180001258850098,138.58500027656555,9,900,100.0,"[146, 146, 145, 148, 147, 148, 147, 139, 64]"
151,9,1239,17.913805097056958,0.0041638576013731665,0.03099989891052246,0.9780001640319824,0.0,1.0090000629425049,139.59400033950806,9,900,100.0,"[147, 147, 146, 149, 148, 149, 148, 140, 65]"
152,8,1247,17.91394512062686,0.00014002356990161502,0.029999971389770508,0.994999885559082,0.0,1.0249998569488525,140.6190001964569,9,900,100.0,"[148, 148, 147, 150, 149, 150, 149, 141, 65]"
153,8,1255,17.91404681977887,0.00010169915201174717,0.032000064849853516,0.9909999370574951,0.0,1.0230000019073486,141.64200019836426,9,900,100.0,"[149, 149, 148, 151, 150, 151, 150, 142, 65]"
154,8,1263,17.914061342192326,1.4522413454898242e-5,0.031000137329101562,0.994999885559082,0.0,1.0260000228881836,142.66800022125244,9,900,100.0,"[150, 150, 149, 152, 151, 152, 151, 143, 65]"
155,8,1271,17.914068352447902,7.010255576034297e-6,0.029000043869018555,1.0239999294281006,0.0,1.0529999732971191,143.72100019454956,9,900,100.0,"[151, 151, 150, 153, 152, 153, 152, 144, 65]"
156,9,1280,17.914068833546196,4.810982936476194e-7,0.029999971389770508,0.9780001640319824,0.0,1.008000135421753,144.7290003299713,9,900,100.0,"[152, 152, 151, 154, 153, 154, 153, 145, 66]"
157,5,1285,17.914068833546196,0.0,0.028999805450439453,0.9610002040863037,0.0,0.9900000095367432,145.71900033950806,9,900,100.0,"[152, 152, 151, 155, 154, 155, 154, 145, 67]"
158,9,1294,17.91412559111624,5.675757004297566e-5,0.03099989891052246,0.9909999370574951,0.0,1.0219998359680176,146.74100017547607,9,900,100.0,"[153, 153, 152, 156, 155, 156, 155, 146, 68]"
159,8,1302,17.914136568526654,1.0977410415335953e-5,0.029999971389770508,0.9960000514984131,0.0,1.0260000228881836,147.76700019836426,9,900,100.0,"[154, 154, 153, 157, 156, 157, 156, 147, 68]"
160,9,1311,17.914497789314787,0.00036122078813249914,0.03299999237060547,1.011000156402588,0.0,1.0440001487731934,148.81100034713745,9,900,100.0,"[155, 155, 154, 158, 157, 158, 157, 148, 69]"
161,8,1319,17.91749243542788,0.0029946461130947455,0.03299999237060547,1.0,0.0,1.0329999923706055,149.84400033950806,9,900,100.0,"[156, 156, 155, 159, 158, 159, 158, 149, 69]"
162,8,1327,17.918448741636283,0.0009563062084012586,0.03099989891052246,1.00600004196167,0.0,1.0369999408721924,150.88100028038025,9,900,100.0,"[157, 157, 156, 160, 159, 160, 159, 150, 69]"
163,9,1336,17.921842076906042,0.00339333526975949,0.029000043869018555,1.0049998760223389,0.0,1.0339999198913574,151.9150002002716,9,900,100.0,"[158, 158, 157, 161, 160, 161, 160, 151, 70]"
164,9,1345,17.922053397930387,0.00021132102434506805,0.03299999237060547,1.0130000114440918,0.0,1.0460000038146973,152.9610002040863,9,900,100.0,"[159, 159, 158, 162, 161, 162, 161, 152, 71]"
165,7,1352,17.922224814950365,0.00017141701997758219,0.03299999237060547,0.9920001029968262,0.0,1.0250000953674316,153.98600029945374,9,900,100.0,"[160, 160, 159, 163, 162, 163, 162, 152, 71]"
166,8,1360,17.923896614989562,0.0016718000391975352,0.029999971389770508,1.008000135421753,0.0,1.0380001068115234,155.02400040626526,9,900,100.0,"[161, 161, 160, 164, 163, 164, 163, 153, 71]"
167,8,1368,17.924543531778355,0.0006469167887921401,0.03099989891052246,0.994999885559082,0.0,1.0259997844696045,156.05000019073486,9,900,100.0,"[162, 162, 161, 165, 164, 165, 164, 154, 71]"
168,8,1376,17.926580670543853,0.0020371387654982698,0.03000020980834961,1.0109999179840088,0.0,1.0410001277923584,157.09100031852722,9,900,100.0,"[163, 163, 162, 166, 165, 166, 165, 155, 71]"
169,5,1381,17.926580670543853,0.0,0.029000043869018555,0.9900000095367432,0.0,1.0190000534057617,158.11000037193298,9,900,100.0,"[163, 163, 162, 167, 166, 167, 166, 156, 71]"
170,9,1390,17.92846981013752,0.0018891395936684319,0.031999826431274414,1.008000135421753,0.0,1.0399999618530273,159.150000333786,9,900,100.0,"[164, 164, 163, 168, 167, 168, 167, 157, 72]"
171,8,1398,17.938217754473413,0.0097479443358921,0.03500008583068848,1.0249998569488525,0.0,1.059999942779541,160.21000027656555,9,900,100.0,"[165, 165, 164, 169, 168, 169, 168, 158, 72]"
172,8,1406,17.938500934126324,0.00028317965291080327,0.03299999237060547,1.0109999179840088,0.0,1.0439999103546143,161.25400018692017,9,900,100.0,"[166, 166, 165, 170, 169, 170, 169, 159, 72]"
173,8,1414,17.93924457229577,0.0007436381694461147,0.031000137329101562,1.0299999713897705,0.0,1.061000108718872,162.31500029563904,9,900,100.0,"[167, 167, 166, 171, 170, 171, 170, 160, 72]"
174,8,1422,17.939281185209257,3.661291348677764e-5,0.03099989891052246,1.0340001583099365,0.0,1.065000057220459,163.3800003528595,9,900,100.0,"[168, 168, 167, 172, 171, 172, 171, 161, 72]"
175,8,1430,17.939422552538538,0.0001413673292809392,0.03099989891052246,1.0120000839233398,0.0,1.0429999828338623,164.42300033569336,9,900,100.0,"[169, 169, 168, 173, 172, 173, 172, 162, 72]"
176,8,1438,17.939457815131743,3.526259320452141e-5,0.03099989891052246,1.0329999923706055,0.0,1.063999891281128,165.4870002269745,9,900,100.0,"[170, 170, 169, 174, 173, 174, 173, 163, 72]"
177,9,1447,17.94013934800021,0.0006815328684659505,0.031000137329101562,1.0319998264312744,0.0,1.062999963760376,166.55000019073486,9,900,100.0,"[171, 171, 170, 175, 174, 175, 174, 164, 73]"
178,8,1455,17.94025657506767,0.00011722706746297717,0.032000064849853516,1.0199999809265137,0.0,1.0520000457763672,167.60200023651123,9,900,100.0,"[172, 172, 171, 176, 175, 176, 175, 165, 73]"
179,8,1463,17.940274868143664,1.829307599265917e-5,0.03299999237060547,1.0169999599456787,0.0,1.0499999523162842,168.65200018882751,9,900,100.0,"[173, 173, 172, 177, 176, 177, 176, 166, 73]"
180,8,1471,17.940277801719592,2.9335759279547347e-6,0.032000064849853516,1.0220000743865967,0.0,1.0540001392364502,169.70600032806396,9,900,100.0,"[174, 174, 173, 178, 177, 178, 177, 167, 73]"
181,7,1478,17.940277801719592,0.0,0.03099989891052246,1.0069999694824219,0.0,1.0379998683929443,170.7440001964569,9,900,100.0,"[174, 174, 174, 179, 178, 179, 178, 168, 74]"
182,8,1486,17.94031707445831,3.927273871795478e-5,0.032000064849853516,1.0210001468658447,0.0,1.0530002117156982,171.7970004081726,9,900,100.0,"[175, 175, 175, 180, 179, 180, 179, 169, 74]"
183,9,1495,17.940497114331194,0.0001800398728839525,0.03299999237060547,1.056999921798706,0.0,1.0899999141693115,172.88700032234192,9,900,100.0,"[176, 176, 176, 181, 180, 181, 180, 170, 75]"
184,8,1503,17.940531103342966,3.398901177220637e-5,0.03699994087219238,1.058000087738037,0.0,1.0950000286102295,173.98200035095215,9,900,100.0,"[177, 177, 177, 182, 181, 182, 181, 171, 75]"
185,7,1510,17.940617813767016,8.671042404984064e-5,0.05799984931945801,1.1570000648498535,0.0,1.2149999141693115,175.19700026512146,9,900,100.0,"[178, 178, 178, 183, 182, 183, 182, 171, 75]"
186,7,1517,17.941026847130193,0.0004090333631765475,0.029999971389770508,1.0210001468658447,0.0,1.0510001182556152,176.24800038337708,9,900,100.0,"[179, 179, 179, 184, 183, 184, 183, 171, 75]"
187,8,1525,17.941091779221978,6.493209178515258e-5,0.031999826431274414,1.0540001392364502,0.0,1.0859999656677246,177.3340003490448,9,900,100.0,"[180, 180, 180, 185, 184, 185, 184, 172, 75]"
188,8,1533,17.942331102564125,0.0012393233421477134,0.04799985885620117,1.0800001621246338,0.0,1.128000020980835,178.46200037002563,9,900,100.0,"[181, 181, 181, 186, 185, 186, 185, 173, 75]"
189,9,1542,17.942767953495157,0.0004368509310310742,0.03399991989135742,1.0810000896453857,0.0,1.1150000095367432,179.57700037956238,9,900,100.0,"[182, 182, 182, 187, 186, 187, 186, 174, 76]"
190,8,1550,17.9443437439398,0.001575790444643843,0.031999826431274414,1.059000015258789,0.0,1.0909998416900635,180.66800022125244,9,900,100.0,"[183, 183, 183, 188, 187, 188, 187, 175, 76]"
191,8,1558,17.94444075023072,9.700629091824453e-5,0.03399991989135742,1.0469999313354492,0.0,1.0809998512268066,181.74900007247925,9,900,100.0,"[184, 184, 184, 189, 188, 189, 188, 176, 76]"
192,9,1567,17.944627216550856,0.00018646632013741282,0.031000137329101562,1.054999828338623,0.0,1.0859999656677246,182.83500003814697,9,900,100.0,"[185, 185, 185, 190, 189, 190, 189, 177, 77]"
193,9,1576,17.944689249256946,6.203270609006495e-5,0.03500008583068848,1.0420000553131104,0.0,1.0770001411437988,183.91200017929077,9,900,100.0,"[186, 186, 186, 191, 190, 191, 190, 178, 78]"
194,8,1584,17.94476314747368,7.389821673342567e-5,0.03299999237060547,1.066999912261963,0.0,1.0999999046325684,185.01200008392334,9,900,100.0,"[187, 187, 187, 192, 191, 192, 191, 179, 78]"
195,8,1592,17.94515185045126,0.0003887029775810902,0.03500008583068848,1.0460000038146973,0.0,1.0810000896453857,186.09300017356873,9,900,100.0,"[188, 188, 188, 193, 192, 193, 192, 180, 78]"
196,8,1600,17.945164343559014,1.2493107753641652e-5,0.03299999237060547,1.0729999542236328,0.0,1.1059999465942383,187.19900012016296,9,900,100.0,"[189, 189, 189, 194, 193, 194, 193, 181, 78]"
197,6,1606,17.945175547055122,1.1203496107725641e-5,0.03399991989135742,1.0400002002716064,0.0,1.0740001201629639,188.27300024032593,9,900,100.0,"[190, 190, 190, 195, 194, 195, 193, 181, 78]"
198,9,1615,17.945356799803704,0.0001812527485824944,0.03299999237060547,1.0779998302459717,0.0,1.1109998226165771,189.3840000629425,9,900,100.0,"[191, 191, 191, 196, 195, 196, 194, 182, 79]"
199,8,1623,17.946582207626683,0.0012254078229787524,0.03500008583068848,1.1510000228881836,0.0,1.186000108718872,190.57000017166138,9,900,100.0,"[192, 192, 192, 197, 196, 197, 195, 183, 79]"
200,8,1631,17.946833987450866,0.00025177982418256306,0.05200004577636719,1.1740000247955322,0.0,1.2260000705718994,191.79600024223328,9,900,100.0,"[193, 193, 193, 198, 197, 198, 196, 184, 79]"
201,8,1639,17.94777846111211,0.0009444736612458371,0.03699994087219238,1.113999843597412,0.0,1.1509997844696045,192.94700002670288,9,900,100.0,"[194, 194, 194, 199, 198, 199, 197, 185, 79]"
202,8,1647,17.94781300592062,3.454480850706432e-5,0.03400015830993652,1.113999843597412,0.0,1.1480000019073486,194.09500002861023,9,900,100.0,"[195, 195, 195, 200, 199, 200, 198, 186, 79]"
203,7,1654,17.948126887139367,0.00031388121874798003,0.0410001277923584,1.069000005722046,0.0,1.1100001335144043,195.20500016212463,9,900,100.0,"[196, 196, 196, 201, 200, 201, 199, 186, 79]"
204,8,1662,17.948177230541255,5.0343401888142125e-5,0.03399991989135742,1.0810000896453857,0.0,1.1150000095367432,196.32000017166138,9,900,100.0,"[197, 197, 197, 202, 201, 202, 200, 187, 79]"
205,8,1670,17.948186997289906,9.766748650719137e-6,0.03399991989135742,1.0920000076293945,0.0,1.125999927520752,197.44600009918213,9,900,100.0,"[198, 198, 198, 203, 202, 203, 201, 188, 79]"
206,9,1679,17.948278438701962,9.144141205652545e-5,0.04700016975402832,1.0809998512268066,0.0,1.128000020980835,198.57400012016296,9,900,100.0,"[199, 199, 199, 204, 203, 204, 202, 189, 80]"
207,8,1687,17.948312577513686,3.413881172420474e-5,0.03299999237060547,1.0780000686645508,0.0,1.1110000610351562,199.68500018119812,9,900,100.0,"[200, 200, 200, 205, 204, 205, 203, 190, 80]"
208,7,1694,17.948509677121876,0.00019709960819014327,0.03399991989135742,1.073000192642212,0.0,1.1070001125335693,200.7920002937317,9,900,100.0,"[201, 201, 201, 206, 205, 206, 204, 190, 80]"
209,8,1702,17.94852326826596,1.3591144082170104e-5,0.03600001335144043,1.059000015258789,0.0,1.0950000286102295,201.88700032234192,9,900,100.0,"[202, 202, 202, 207, 206, 207, 205, 191, 80]"
210,8,1710,17.948526719611824,3.4513458651019846e-6,0.03299999237060547,1.053999900817871,0.0,1.0869998931884766,202.9740002155304,9,900,100.0,"[203, 203, 203, 208, 207, 208, 206, 192, 80]"
211,8,1718,17.948529673256623,2.9536447989642056e-6,0.03900003433227539,1.0920000076293945,0.0,1.13100004196167,204.10500025749207,9,900,100.0,"[204, 204, 204, 209, 208, 209, 207, 193, 80]"
212,9,1727,17.948530250089128,5.768325053168155e-7,0.03699994087219238,1.0859999656677246,0.0,1.122999906539917,205.22800016403198,9,900,100.0,"[205, 205, 205, 210, 209, 210, 208, 194, 81]"
213,8,1735,17.948604755931594,7.45058424662659e-5,0.03500008583068848,1.059000015258789,0.0,1.0940001010894775,206.32200026512146,9,900,100.0,"[206, 206, 206, 211, 210, 211, 209, 195, 81]"
214,8,1743,17.948623926882835,1.917095124071011e-5,0.034999847412109375,1.121999979019165,0.0,1.1569998264312744,207.47900009155273,9,900,100.0,"[207, 207, 207, 212, 211, 212, 210, 196, 81]"
215,8,1751,17.948699966561147,7.603967831215641e-5,0.03600001335144043,1.0840001106262207,0.0,1.1200001239776611,208.5990002155304,9,900,100.0,"[208, 208, 208, 213, 212, 213, 211, 197, 81]"
216,8,1759,17.948750290821607,5.032426046014393e-5,0.04699993133544922,1.0820000171661377,0.0,1.128999948501587,209.72800016403198,9,900,100.0,"[209, 209, 209, 214, 213, 214, 212, 198, 81]"
217,8,1767,17.948956758296692,0.0002064674750847928,0.03699994087219238,1.0920000076293945,0.0,1.128999948501587,210.85700011253357,9,900,100.0,"[210, 210, 210, 215, 214, 215, 213, 199, 81]"
218,8,1775,17.948963864421874,7.106125181621792e-6,0.03299999237060547,1.0510001182556152,0.0,1.0840001106262207,211.9410002231598,9,900,100.0,"[211, 211, 211, 216, 215, 216, 214, 200, 81]"
219,6,1781,17.948963864421874,0.0,0.04699993133544922,1.064000129699707,0.0,1.1110000610351562,213.05200028419495,9,900,100.0,"[211, 211, 212, 217, 216, 217, 215, 201, 81]"
220,7,1788,17.948963864421874,0.0,0.031999826431274414,1.0750000476837158,0.0,1.1069998741149902,214.15900015830994,9,900,100.0,"[211, 211, 213, 218, 217, 218, 216, 202, 82]"
221,9,1797,17.949412781700236,0.0004489172783621598,0.03500008583068848,1.124000072479248,0.0,1.1590001583099365,215.31800031661987,9,900,100.0,"[212, 212, 214, 219, 218, 219, 217, 203, 83]"
222,8,1805,17.949523021623577,0.00011023992334102672,0.04799985885620117,1.0970001220703125,0.0,1.1449999809265137,216.4630002975464,9,900,100.0,"[213, 213, 215, 220, 219, 220, 218, 204, 83]"
223,8,1813,17.949688535602487,0.00016551397891007014,0.034999847412109375,1.1030001640319824,0.0,1.1380000114440918,217.60100030899048,9,900,100.0,"[214, 214, 216, 221, 220, 221, 219, 205, 83]"
224,8,1821,17.94971209616811,2.356056562291542e-5,0.03299999237060547,1.0859999656677246,0.0,1.11899995803833,218.7200002670288,9,900,100.0,"[215, 215, 217, 222, 221, 222, 220, 206, 83]"
225,9,1830,17.949729225957473,1.7129789362968495e-5,0.03299999237060547,1.0899999141693115,0.0,1.122999906539917,219.84300017356873,9,900,100.0,"[216, 216, 218, 223, 222, 223, 221, 207, 84]"
226,7,1837,17.949729225957473,0.0,0.03399991989135742,1.1130001544952393,0.0,1.1470000743865967,220.99000024795532,9,900,100.0,"[216, 216, 219, 224, 223, 224, 222, 208, 85]"
227,8,1845,17.94976070020383,3.147424635585594e-5,0.034999847412109375,1.129000186920166,0.0,1.1640000343322754,222.1540002822876,9,900,100.0,"[217, 217, 220, 225, 224, 225, 223, 209, 85]"
228,8,1853,17.94978532558776,2.4625383932885825e-5,0.03600001335144043,1.1589999198913574,0.0,1.1949999332427979,223.3490002155304,9,900,100.0,"[218, 218, 221, 226, 225, 226, 224, 210, 85]"
229,6,1859,17.94988580390112,0.0001004783133602416,0.04699993133544922,1.1010000705718994,0.0,1.1480000019073486,224.49700021743774,9,900,100.0,"[219, 219, 222, 227, 226, 227, 224, 210, 85]"
230,8,1867,17.952269958436723,0.0023841545356013683,0.03600001335144043,1.1429998874664307,0.0,1.178999900817871,225.67600011825562,9,900,100.0,"[220, 220, 223, 228, 227, 228, 225, 211, 85]"
231,9,1876,17.952760457383555,0.000490498946831508,0.0690000057220459,1.0950000286102295,0.0,1.1640000343322754,226.8400001525879,9,900,100.0,"[221, 221, 224, 229, 228, 229, 226, 212, 86]"
232,9,1885,17.953457927633682,0.0006974702501274521,0.03699994087219238,1.1100001335144043,0.0,1.1470000743865967,227.9870002269745,9,900,100.0,"[222, 222, 225, 230, 229, 230, 227, 213, 87]"
233,8,1893,17.953705645762696,0.00024771812901391854,0.04999995231628418,1.0980000495910645,0.0,1.1480000019073486,229.13500022888184,9,900,100.0,"[223, 223, 226, 231, 230, 231, 228, 214, 87]"
234,7,1900,17.954204637209205,0.0004989914465092227,0.03299999237060547,1.0989999771118164,0.0,1.1319999694824219,230.26700019836426,9,900,100.0,"[224, 224, 227, 232, 231, 232, 229, 214, 87]"
235,4,1904,17.954204637209205,0.0,0.03299999237060547,1.0840001106262207,0.0,1.1170001029968262,231.38400030136108,9,900,100.0,"[224, 224, 228, 233, 232, 233, 229, 214, 87]"
236,8,1912,17.954409123051168,0.00020448584196230968,0.034999847412109375,1.1130001544952393,0.0,1.1480000019073486,232.53200030326843,9,900,100.0,"[225, 225, 229, 234, 233, 234, 230, 215, 87]"
237,8,1920,17.954450161520352,4.1038469184684345e-5,0.03299999237060547,1.0929999351501465,0.0,1.125999927520752,233.65800023078918,9,900,100.0,"[226, 226, 230, 235, 234, 235, 231, 216, 87]"
238,9,1929,17.955631894240387,0.001181732720034745,0.04699993133544922,1.1050000190734863,0.0,1.1519999504089355,234.81000018119812,9,900,100.0,"[227, 227, 231, 236, 235, 236, 232, 217, 88]"
239,8,1937,17.955892826337198,0.0002609320968112172,0.03600001335144043,1.121000051498413,0.0,1.1570000648498535,235.96700024604797,9,900,100.0,"[228, 228, 232, 237, 236, 237, 233, 218, 88]"
240,9,1946,17.95599336009663,0.00010053375943286369,0.034999847412109375,1.121000051498413,0.0,1.1559998989105225,237.1230001449585,9,900,100.0,"[229, 229, 233, 238, 237, 238, 234, 219, 89]"
241,8,1954,17.956004082843712,1.0722747081359785e-5,0.037000179290771484,1.1349999904632568,0.0,1.1720001697540283,238.29500031471252,9,900,100.0,"[230, 230, 234, 239, 238, 239, 235, 220, 89]"
242,9,1963,17.956036072996703,3.199015299060193e-5,0.03299999237060547,1.1069998741149902,0.0,1.1399998664855957,239.43500018119812,9,900,100.0,"[231, 231, 235, 240, 239, 240, 236, 221, 90]"
243,9,1972,17.956058130332313,2.2057335609559914e-5,0.03800010681152344,1.1099998950958252,0.0,1.1480000019073486,240.58300018310547,9,900,100.0,"[232, 232, 236, 241, 240, 241, 237, 222, 91]"
244,8,1980,17.956066777896254,8.647563941366343e-6,0.04699993133544922,1.1119999885559082,0.0,1.1589999198913574,241.74200010299683,9,900,100.0,"[233, 233, 237, 242, 241, 242, 238, 223, 91]"
245,9,1989,17.956093524883148,2.674698689375532e-5,0.037000179290771484,1.1329998970031738,0.0,1.1700000762939453,242.91200017929077,9,900,100.0,"[234, 234, 238, 243, 242, 243, 239, 224, 92]"
246,8,1997,17.95621564401909,0.00012211913594128987,0.03500008583068848,1.1180000305175781,0.0,1.1530001163482666,244.06500029563904,9,900,100.0,"[235, 235, 239, 244, 243, 244, 240, 225, 92]"
247,8,2005,17.956216831117455,1.187098366273176e-6,0.03399991989135742,1.121999979019165,0.0,1.1559998989105225,245.22100019454956,9,900,100.0,"[236, 236, 240, 245, 244, 245, 241, 226, 92]"
248,8,2013,17.95645927708092,0.00024244596346534308,0.03500008583068848,1.13100004196167,0.0,1.1660001277923584,246.38700032234192,9,900,100.0,"[237, 237, 241, 246, 245, 246, 242, 227, 92]"
249,8,2021,17.95672732826817,0.00026805118724837484,0.039999961853027344,1.1359999179840088,0.0,1.1759998798370361,247.56300020217896,9,900,100.0,"[238, 238, 242, 247, 246, 247, 243, 228, 92]"
250,7,2028,17.95807483835855,0.0013475100903797,0.03800010681152344,1.1529998779296875,0.0,1.190999984741211,248.75400018692017,9,900,100.0,"[239, 239, 243, 248, 247, 248, 244, 228, 92]"
251,8,2036,17.958145697804376,7.085944582740922e-5,0.039999961853027344,1.1510000228881836,0.0,1.190999984741211,249.94500017166138,9,900,100.0,"[240, 240, 244, 249, 248, 249, 245, 229, 92]"
252,7,2043,17.958183682835987,3.79850316107877e-5,0.03399991989135742,1.2680001258850098,0.0,1.3020000457763672,251.24700021743774,9,900,100.0,"[241, 241, 245, 250, 249, 250, 246, 229, 92]"
253,8,2051,17.958381187446488,0.0001975046105009426,0.039999961853027344,1.309999942779541,0.0,1.3499999046325684,252.5970001220703,9,900,100.0,"[242, 242, 246, 251, 250, 251, 247, 230, 92]"
254,8,2059,17.95844131810787,6.013066138166323e-5,0.0410001277923584,1.253999948501587,0.0,1.2950000762939453,253.89200019836426,9,900,100.0,"[243, 243, 247, 252, 251, 252, 248, 231, 92]"
255,9,2068,17.958776453170042,0.00033513506217275335,0.05299997329711914,1.125999927520752,0.0,1.178999900817871,255.07100009918213,9,900,100.0,"[244, 244, 248, 253, 252, 253, 249, 232, 93]"
256,8,2076,17.958851216576505,7.476340646306312e-5,0.04800009727478027,1.130000114440918,0.0,1.1780002117156982,256.2490003108978,9,900,100.0,"[245, 245, 249, 254, 253, 254, 250, 233, 93]"
257,8,2084,17.959098645188767,0.00024742861226201285,0.05099987983703613,1.1470000743865967,0.0,1.1979999542236328,257.44700026512146,9,900,100.0,"[246, 246, 250, 255, 254, 255, 251, 234, 93]"
258,8,2092,17.95913310683442,3.446164565445997e-5,0.03699994087219238,1.1429998874664307,0.0,1.179999828338623,258.6270000934601,9,900,100.0,"[247, 247, 251, 256, 255, 256, 252, 235, 93]"
259,8,2100,17.959215952280672,8.284544625070112e-5,0.03500008583068848,1.1470000743865967,0.0,1.1820001602172852,259.80900025367737,9,900,100.0,"[248, 248, 252, 257, 256, 257, 253, 236, 93]"
260,9,2109,17.959219473957024,3.52167635142564e-6,0.03600001335144043,1.1319999694824219,0.0,1.1679999828338623,260.97700023651123,9,900,100.0,"[249, 249, 253, 258, 257, 258, 254, 237, 94]"
261,6,2115,17.959219473957024,0.0,0.03699994087219238,1.1349999904632568,0.0,1.1719999313354492,262.1490001678467,9,900,100.0,"[249, 249, 254, 259, 258, 259, 255, 238, 94]"
262,8,2123,17.959225467056587,5.993099563283977e-6,0.03800010681152344,1.1569998264312744,0.0,1.1949999332427979,263.3440001010895,9,900,100.0,"[250, 250, 255, 260, 259, 260, 256, 239, 94]"
263,8,2131,17.95934976584005,0.00012429878346154055,0.03500008583068848,1.1619999408721924,0.0,1.1970000267028809,264.54100012779236,9,900,100.0,"[251, 251, 256, 261, 260, 261, 257, 240, 94]"
264,8,2139,17.959444180855474,9.441501542539754e-5,0.046000003814697266,1.1340000629425049,0.0,1.1800000667572021,265.72100019454956,9,900,100.0,"[252, 252, 257, 262, 261, 262, 258, 241, 94]"
265,8,2147,17.95986055937133,0.0004163785158546318,0.04999995231628418,1.1440000534057617,0.0,1.194000005722046,266.9150002002716,9,900,100.0,"[253, 253, 258, 263, 262, 263, 259, 242, 94]"
266,8,2155,17.959879488777947,1.892940661818443e-5,0.04900002479553223,1.1399998664855957,0.0,1.188999891281128,268.10400009155273,9,900,100.0,"[254, 254, 259, 264, 263, 264, 260, 243, 94]"
267,9,2164,17.959900212818738,2.0724040791009202e-5,0.037000179290771484,1.1679999828338623,0.0,1.2050001621246338,269.30900025367737,9,900,100.0,"[255, 255, 260, 265, 264, 265, 261, 244, 95]"
268,8,2172,17.96047721848533,0.0005770056665923562,0.03699994087219238,1.1570000648498535,0.0,1.194000005722046,270.5030002593994,9,900,100.0,"[256, 256, 261, 266, 265, 266, 262, 245, 95]"
269,9,2181,17.960572486551456,9.526806612569771e-5,0.03900003433227539,1.1449999809265137,0.0,1.184000015258789,271.6870002746582,9,900,100.0,"[257, 257, 262, 267, 266, 267, 263, 246, 96]"
270,8,2189,17.960605022472357,3.25359209014664e-5,0.03699994087219238,1.1459999084472656,0.0,1.182999849319458,272.87000012397766,9,900,100.0,"[258, 258, 263, 268, 267, 268, 264, 247, 96]"
271,9,2198,17.960612517187833,7.4947154757865064e-6,0.03800010681152344,1.180999994277954,0.0,1.2190001010894775,274.08900022506714,9,900,100.0,"[259, 259, 264, 269, 268, 269, 265, 248, 97]"
272,8,2206,17.960762399020137,0.00014988183230357777,0.037999868392944336,1.1500000953674316,0.0,1.187999963760376,275.2770001888275,9,900,100.0,"[260, 260, 265, 270, 269, 270, 266, 249, 97]"
273,8,2214,17.960801629341177,3.923032103969604e-5,0.03699994087219238,1.1480000019073486,0.0,1.184999942779541,276.46200013160706,9,900,100.0,"[261, 261, 266, 271, 270, 271, 267, 250, 97]"
274,9,2223,17.96084602760556,4.439826438229488e-5,0.03900003433227539,1.1470000743865967,0.0,1.186000108718872,277.6480002403259,9,900,100.0,"[262, 262, 267, 272, 271, 272, 268, 251, 98]"
275,8,2231,17.960951666966434,0.00010563936087493175,0.03699994087219238,1.1689999103546143,0.0,1.2059998512268066,278.85400009155273,9,900,100.0,"[263, 263, 268, 273, 272, 273, 269, 252, 98]"
276,8,2239,17.96102106231826,6.939535182581835e-5,0.03800010681152344,1.1630001068115234,0.0,1.2010002136230469,280.0550003051758,9,900,100.0,"[264, 264, 269, 274, 273, 274, 270, 253, 98]"
277,9,2248,17.961589855794003,0.0005687934757432345,0.04999995231628418,1.1510000228881836,0.0,1.2009999752044678,281.25600028038025,9,900,100.0,"[265, 265, 270, 275, 274, 275, 271, 254, 99]"
278,8,2256,17.961653363312752,6.350751874961702e-5,0.037999868392944336,1.1490001678466797,0.0,1.187000036239624,282.4430003166199,9,900,100.0,"[266, 266, 271, 276, 275, 276, 272, 255, 99]"
279,8,2264,17.963857358584406,0.0022039952716532696,0.037999868392944336,1.1549999713897705,0.0,1.1929998397827148,283.6360001564026,9,900,100.0,"[267, 267, 272, 277, 276, 277, 273, 256, 99]"
280,8,2272,17.985844563919006,0.02198720533460019,0.03600001335144043,1.1700000762939453,0.0,1.2060000896453857,284.842000246048,9,900,100.0,"[268, 268, 273, 278, 277, 278, 274, 257, 99]"
281,9,2281,17.98875557812048,0.0029110142014729945,0.03699994087219238,1.1630001068115234,0.0,1.2000000476837158,286.0420002937317,9,900,100.0,"[269, 269, 274, 279, 278, 279, 275, 258, 100]"
282,8,2289,17.993201410966627,0.004445832846148079,0.03800010681152344,1.182999849319458,0.0,1.2209999561309814,287.26300024986267,9,900,100.0,"[270, 270, 275, 280, 279, 280, 276, 259, 100]"
283,7,2296,17.99352688222541,0.0003254712587832387,0.03699994087219238,1.1790001392364502,0.0,1.2160000801086426,288.4790003299713,9,900,100.0,"[271, 271, 276, 281, 280, 281, 277, 259, 100]"
284,8,2304,17.993557472075288,3.05898498780266e-5,0.037999868392944336,1.1600000858306885,0.0,1.1979999542236328,289.67700028419495,9,900,100.0,"[272, 272, 277, 282, 281, 282, 278, 260, 100]"
285,9,2313,17.994001089598935,0.0004436175236470774,0.03900003433227539,1.1679999828338623,0.0,1.2070000171661377,290.8840003013611,9,900,100.0,"[273, 273, 278, 283, 282, 283, 279, 261, 101]"
286,8,2321,17.996606579509272,0.0026054899103371554,0.03699994087219238,1.1530001163482666,0.0,1.190000057220459,292.07400035858154,9,900,100.0,"[274, 274, 279, 284, 283, 284, 280, 262, 101]"
287,8,2329,17.996736458312142,0.00012987880286985387,0.03699994087219238,1.1649999618530273,0.0,1.2019999027252197,293.27600026130676,9,900,100.0,"[275, 275, 280, 285, 284, 285, 281, 263, 101]"
288,8,2337,17.996880111881467,0.0001436535693244423,0.039999961853027344,1.190000057220459,0.0,1.2300000190734863,294.50600028038025,9,900,100.0,"[276, 276, 281, 286, 285, 286, 282, 264, 101]"
289,8,2345,17.99694954361139,6.943172992279756e-5,0.03900003433227539,1.1779999732971191,0.0,1.2170000076293945,295.72300028800964,9,900,100.0,"[277, 277, 282, 287, 286, 287, 283, 265, 101]"
290,8,2353,17.997313078438765,0.0003635348273753891,0.0409998893737793,1.1800000667572021,0.0,1.2209999561309814,296.9440002441406,9,900,100.0,"[278, 278, 283, 288, 287, 288, 284, 266, 101]"
291,8,2361,17.997372051336438,5.897289767275993e-5,0.040000200271606445,1.187999963760376,0.0,1.2280001640319824,298.1720004081726,9,900,100.0,"[279, 279, 284, 289, 288, 289, 285, 267, 101]"
292,8,2369,17.99765697475463,0.0002849234181923066,0.03900003433227539,1.1970000267028809,0.0,1.2360000610351562,299.40800046920776,9,900,100.0,"[280, 280, 285, 290, 289, 290, 286, 268, 101]"
293,8,2377,17.997665453029022,8.478274391876539e-6,0.037999868392944336,1.1800000667572021,0.0,1.2179999351501465,300.6260004043579,9,900,100.0,"[281, 281, 286, 291, 290, 291, 287, 269, 101]"
294,8,2385,17.99767437971039,8.926681367427136e-6,0.037999868392944336,1.184000015258789,0.0,1.2219998836517334,301.84800028800964,9,900,100.0,"[282, 282, 287, 292, 291, 292, 288, 270, 101]"
295,8,2393,17.99771671338529,4.233367490158457e-5,0.03900003433227539,1.1770000457763672,0.0,1.2160000801086426,303.0640003681183,9,900,100.0,"[283, 283, 288, 293, 292, 293, 289, 271, 101]"
296,8,2401,17.997888027915014,0.0001713145297230767,0.03699994087219238,1.2250001430511475,0.0,1.2620000839233398,304.3260004520416,9,900,100.0,"[284, 284, 289, 294, 293, 294, 290, 272, 101]"
297,8,2409,17.998954550161873,0.0010665222468588809,0.03899979591369629,1.2020001411437988,0.0,1.2409999370574951,305.5670003890991,9,900,100.0,"[285, 285, 290, 295, 294, 295, 291, 273, 101]"
298,8,2417,17.99904766588362,9.311572174652838e-5,0.037999868392944336,1.193000078201294,0.0,1.2309999465942383,306.79800033569336,9,900,100.0,"[286, 286, 291, 296, 295, 296, 292, 274, 101]"
299,8,2425,17.999402572449583,0.00035490656596337544,0.0410001277923584,1.1989998817443848,0.0,1.2400000095367432,308.0380003452301,9,900,100.0,"[287, 287, 292, 297, 296, 297, 293, 275, 101]"
300,9,2434,17.999439706438963,3.713398938032242e-5,0.03900003433227539,1.2039999961853027,0.0,1.2430000305175781,309.2810003757477,9,900,100.0,"[288, 288, 293, 298, 297, 298, 294, 276, 102]"
301,8,2442,17.99945738160656,1.767516759798582e-5,0.03800010681152344,1.2699999809265137,0.0,1.308000087738037,310.5890004634857,9,900,100.0,"[289, 289, 294, 299, 298, 299, 295, 277, 102]"
302,8,2450,17.999625570099795,0.0001681884932338562,0.06299996376037598,1.2780001163482666,0.0,1.3410000801086426,311.93000054359436,9,900,100.0,"[290, 290, 295, 300, 299, 300, 296, 278, 102]"
303,7,2457,17.999656325684704,3.075558490905905e-5,0.03599977493286133,1.2160000801086426,0.0,1.251999855041504,313.18200039863586,9,900,100.0,"[291, 291, 296, 301, 300, 301, 297, 278, 102]"
304,8,2465,17.9998045073525,0.00014818166779662079,0.0410001277923584,1.241999864578247,0.0,1.2829999923706055,314.46500039100647,9,900,100.0,"[292, 292, 297, 302, 301, 302, 298, 279, 102]"
305,8,2473,17.99983414413181,2.9636779309782924e-5,0.03600001335144043,1.186000108718872,0.0,1.2220001220703125,315.6870005130768,9,900,100.0,"[293, 293, 298, 303, 302, 303, 299, 280, 102]"
306,8,2481,18.000246858326577,0.0004127141947662949,0.03899979591369629,1.2060000896453857,0.0,1.244999885559082,316.93200039863586,9,900,100.0,"[294, 294, 299, 304, 303, 304, 300, 281, 102]"
307,9,2490,18.000323332881592,7.647455501569311e-5,0.039999961853027344,1.1979999542236328,0.0,1.2379999160766602,318.1700003147125,9,900,100.0,"[295, 295, 300, 305, 304, 305, 301, 282, 103]"
308,9,2499,18.000359532404847,3.619952325450981e-5,0.03800010681152344,1.2039999961853027,0.0,1.2420001029968262,319.41200041770935,9,900,100.0,"[296, 296, 301, 306, 305, 306, 302, 283, 104]"
309,6,2505,18.000366398790014,6.866385167114686e-6,0.03800010681152344,1.1779999732971191,0.0,1.2160000801086426,320.628000497818,9,900,100.0,"[297, 297, 302, 307, 306, 307, 302, 283, 104]"
310,8,2513,18.000405513215824,3.911442581028268e-5,0.0409998893737793,1.2109999656677246,0.0,1.251999855041504,321.8800003528595,9,900,100.0,"[298, 298, 303, 308, 307, 308, 303, 284, 104]"
311,9,2522,18.000595955842183,0.000190442626358589,0.054000139236450195,1.1979999542236328,0.0,1.252000093460083,323.1320004463196,9,900,100.0,"[299, 299, 304, 309, 308, 309, 304, 285, 105]"
312,8,2530,18.000604767169857,8.811327674607128e-6,0.05200004577636719,1.2100000381469727,0.0,1.2620000839233398,324.3940005302429,9,900,100.0,"[300, 300, 305, 310, 309, 310, 305, 286, 105]"
313,7,2537,18.00062183762045,1.7070450592626685e-5,0.04199981689453125,1.2260000705718994,0.0,1.2679998874664307,325.66200041770935,9,900,100.0,"[301, 301, 306, 311, 310, 311, 306, 286, 105]"
314,8,2545,18.00067723626674,5.539864628900659e-5,0.039999961853027344,1.2050001621246338,0.0,1.2450001239776611,326.907000541687,9,900,100.0,"[302, 302, 307, 312, 311, 312, 307, 287, 105]"
315,7,2552,18.00067723626674,0.0,0.03599977493286133,1.2039999961853027,0.0,1.239999771118164,328.1470003128052,9,900,100.0,"[302, 302, 308, 313, 312, 313, 308, 288, 106]"
316,8,2560,18.000742996925258,6.57606585185988e-5,0.040000200271606445,1.2099997997283936,0.0,1.25,329.3970003128052,9,900,100.0,"[303, 303, 309, 314, 313, 314, 309, 289, 106]"
317,8,2568,18.000756651287528,1.3654362270187903e-5,0.037000179290771484,1.2009999752044678,0.0,1.2380001544952393,330.6350004673004,9,900,100.0,"[304, 304, 310, 315, 314, 315, 310, 290, 106]"
318,8,2576,18.000765744084767,9.092797238707817e-6,0.05299997329711914,1.2219998836517334,0.0,1.2749998569488525,331.91000032424927,9,900,100.0,"[305, 305, 311, 316, 315, 316, 311, 291, 106]"
319,9,2585,18.00102493547572,0.0002591913909526511,0.0410001277923584,1.2219998836517334,0.0,1.2630000114440918,333.17300033569336,9,900,100.0,"[306, 306, 312, 317, 316, 317, 312, 292, 107]"
320,8,2593,18.008815649532067,0.007790714056348236,0.042999982833862305,1.2430000305175781,0.0,1.2860000133514404,334.4590003490448,9,900,100.0,"[307, 307, 313, 318, 317, 318, 313, 293, 107]"
321,7,2600,18.010168609695437,0.0013529601633699428,0.03900003433227539,1.2170000076293945,0.0,1.25600004196167,335.71500039100647,9,900,100.0,"[308, 308, 314, 319, 318, 319, 314, 293, 107]"
322,9,2609,18.010922828619826,0.0007542189243885389,0.039999961853027344,1.258000135421753,0.0,1.2980000972747803,337.01300048828125,9,900,100.0,"[309, 309, 315, 320, 319, 320, 315, 294, 108]"
323,9,2618,18.011429002562053,0.0005061739422274059,0.042999982833862305,1.2239999771118164,0.0,1.2669999599456787,338.28000044822693,9,900,100.0,"[310, 310, 316, 321, 320, 321, 316, 295, 109]"
324,8,2626,18.0131584309283,0.001729428366246566,0.039999961853027344,1.25600004196167,0.0,1.2960000038146973,339.5760004520416,9,900,100.0,"[311, 311, 317, 322, 321, 322, 317, 296, 109]"
325,8,2634,18.013163320759695,4.889831394905286e-6,0.039999961853027344,1.2220001220703125,0.0,1.2620000839233398,340.83800053596497,9,900,100.0,"[312, 312, 318, 323, 322, 323, 318, 297, 109]"
326,8,2642,18.01334890030377,0.00018557954407683042,0.039999961853027344,1.2569999694824219,0.0,1.2969999313354492,342.1350004673004,9,900,100.0,"[313, 313, 319, 324, 323, 324, 319, 298, 109]"
327,8,2650,18.013386874728294,3.7974424522246863e-5,0.037999868392944336,1.2410001754760742,0.0,1.2790000438690186,343.41400051116943,9,900,100.0,"[314, 314, 320, 325, 324, 325, 320, 299, 109]"
328,8,2658,18.01344524955403,5.837482573767261e-5,0.051999807357788086,1.2200000286102295,0.0,1.2719998359680176,344.68600034713745,9,900,100.0,"[315, 315, 321, 326, 325, 326, 321, 300, 109]"
329,8,2666,18.013454801515145,9.551961113629659e-6,0.0410001277923584,1.241999864578247,0.0,1.2829999923706055,345.96900033950806,9,900,100.0,"[316, 316, 322, 327, 326, 327, 322, 301, 109]"
330,7,2673,18.013503647155293,4.884564014773218e-5,0.040000200271606445,1.2279999256134033,0.0,1.2680001258850098,347.23700046539307,9,900,100.0,"[317, 317, 323, 328, 327, 328, 323, 301, 109]"
331,8,2681,18.01351924025637,1.5593101078792415e-5,0.04500007629394531,1.2269999980926514,0.0,1.2720000743865967,348.50900053977966,9,900,100.0,"[318, 318, 324, 329, 328, 329, 324, 302, 109]"
332,7,2688,18.013567541695682,4.830143931044972e-5,0.042999982833862305,1.2400000095367432,0.0,1.2829999923706055,349.79200053215027,9,900,100.0,"[319, 319, 325, 330, 329, 330, 325, 302, 109]"
333,8,2696,18.01357860483931,1.1063143627865202e-5,0.04399991035461426,1.2400000095367432,0.0,1.2839999198913574,351.0760004520416,9,900,100.0,"[320, 320, 326, 331, 330, 331, 326, 303, 109]"
334,8,2704,18.013622626729028,4.4021889717527074e-5,0.04200005531311035,1.2400000095367432,0.0,1.2820000648498535,352.3580005168915,9,900,100.0,"[321, 321, 327, 332, 331, 332, 327, 304, 109]"
335,8,2712,18.013638824554185,1.6197825157604484e-5,0.05099987983703613,1.2620000839233398,0.0,1.312999963760376,353.67100048065186,9,900,100.0,"[322, 322, 328, 333, 332, 333, 328, 305, 109]"
336,9,2721,18.01373115392587,9.232937168590638e-5,0.0409998893737793,1.2360000610351562,0.0,1.2769999504089355,354.9480004310608,9,900,100.0,"[323, 323, 329, 334, 333, 334, 329, 306, 110]"
337,7,2728,18.013756800450526,2.5646524655087433e-5,0.039999961853027344,1.2300000190734863,0.0,1.2699999809265137,356.2180004119873,9,900,100.0,"[324, 324, 330, 335, 334, 335, 330, 306, 110]"
338,8,2736,18.013919797136747,0.0001629966862211063,0.03900003433227539,1.246000051498413,0.0,1.2850000858306885,357.503000497818,9,900,100.0,"[325, 325, 331, 336, 335, 336, 331, 307, 110]"
339,8,2744,18.013932381012754,1.2583876006999617e-5,0.037999868392944336,1.2620000839233398,0.0,1.2999999523162842,358.8030004501343,9,900,100.0,"[326, 326, 332, 337, 336, 337, 332, 308, 110]"
340,9,2753,18.013942541685935,1.0160673181047741e-5,0.0409998893737793,1.2070000171661377,0.0,1.247999906539917,360.0510003566742,9,900,100.0,"[327, 327, 333, 338, 337, 338, 333, 309, 111]"
341,8,2761,18.01396049826531,1.795657937364581e-5,0.046000003814697266,1.251000165939331,0.0,1.2970001697540283,361.3480005264282,9,900,100.0,"[328, 328, 334, 339, 338, 339, 334, 310, 111]"
342,9,2770,18.01396770159215,7.2033268416760166e-6,0.0409998893737793,1.246999979019165,0.0,1.2879998683929443,362.63600039482117,9,900,100.0,"[329, 329, 335, 340, 339, 340, 335, 311, 112]"
343,8,2778,18.01398894193442,2.124034227080074e-5,0.051000118255615234,1.2179999351501465,0.0,1.2690000534057617,363.90500044822693,9,900,100.0,"[330, 330, 336, 341, 340, 341, 336, 312, 112]"
344,9,2787,18.015260506087873,0.0012715641534519762,0.04500007629394531,1.2689998149871826,0.0,1.313999891281128,365.21900033950806,9,900,100.0,"[331, 331, 337, 342, 341, 342, 337, 313, 113]"
345,9,2796,18.015564196230173,0.0003036901422994731,0.04200005531311035,1.2590000629425049,0.0,1.3010001182556152,366.5200004577637,9,900,100.0,"[332, 332, 338, 343, 342, 343, 338, 314, 114]"
346,8,2804,18.015861091550992,0.0002968953208188907,0.053999900817871094,1.2630000114440918,0.0,1.316999912261963,367.83700037002563,9,900,100.0,"[333, 333, 339, 344, 343, 344, 339, 315, 114]"
347,8,2812,18.01586999590772,8.90435672928902e-6,0.03900003433227539,1.250999927520752,0.0,1.2899999618530273,369.12700033187866,9,900,100.0,"[334, 334, 340, 345, 344, 345, 340, 316, 114]"
348,6,2818,18.01586999590772,0.0,0.04200005531311035,1.2890000343322754,0.0,1.3310000896453857,370.45800042152405,9,900,100.0,"[334, 334, 341, 346, 345, 346, 341, 317, 114]"
349,8,2826,18.015987737351555,0.00011774144383380758,0.06299996376037598,1.3459999561309814,0.0,1.4089999198913574,371.8670003414154,9,900,100.0,"[335, 335, 342, 347, 346, 347, 342, 318, 114]"
350,6,2832,18.016482922713912,0.0004951853623573754,0.0410001277923584,1.2769999504089355,0.0,1.318000078201294,373.1850004196167,9,900,100.0,"[336, 336, 343, 348, 347, 348, 342, 318, 114]"
351,9,2841,18.01650451559744,2.1592883527432605e-5,0.053999900817871094,1.319000005722046,0.0,1.372999906539917,374.5580003261566,9,900,100.0,"[337, 337, 344, 349, 348, 349, 343, 319, 115]"
352,9,2850,18.01665297407281,0.0001484584753690399,0.0410001277923584,1.2749998569488525,0.0,1.315999984741211,375.8740003108978,9,900,100.0,"[338, 338, 345, 350, 349, 350, 344, 320, 116]"
353,8,2858,18.016664930886616,1.1956813807501021e-5,0.04200005531311035,1.2599999904632568,0.0,1.3020000457763672,377.1760003566742,9,900,100.0,"[339, 339, 346, 351, 350, 351, 345, 321, 116]"
354,8,2866,18.016673421388916,8.490502299451919e-6,0.04400014877319336,1.2719998359680176,0.0,1.315999984741211,378.4920003414154,9,900,100.0,"[340, 340, 347, 352, 351, 352, 346, 322, 116]"
355,8,2874,18.016885117288627,0.0002116958997113727,0.04500007629394531,1.2630000114440918,0.0,1.308000087738037,379.80000042915344,9,900,100.0,"[341, 341, 348, 353, 352, 353, 347, 323, 116]"
356,8,2882,18.016921097561706,3.598027307916141e-5,0.04200005531311035,1.2639999389648438,0.0,1.305999994277954,381.1060004234314,9,900,100.0,"[342, 342, 349, 354, 353, 354, 348, 324, 116]"
357,8,2890,18.016930103756472,9.006194765959208e-6,0.042999982833862305,1.2650001049041748,0.0,1.308000087738037,382.41400051116943,9,900,100.0,"[343, 343, 350, 355, 354, 355, 349, 325, 116]"
358,7,2897,18.016981020144435,5.091638796272946e-5,0.0409998893737793,1.2890000343322754,0.0,1.3299999237060547,383.7440004348755,9,900,100.0,"[344, 344, 351, 356, 355, 356, 350, 325, 116]"
359,8,2905,18.01699055063953,9.530495095333436e-6,0.04399991035461426,1.2770001888275146,0.0,1.321000099182129,385.0650005340576,9,900,100.0,"[345, 345, 352, 357, 356, 357, 351, 326, 116]"
360,8,2913,18.016993810456658,3.2598171273434673e-6,0.04399991035461426,1.2630000114440918,0.0,1.306999921798706,386.3720004558563,9,900,100.0,"[346, 346, 353, 358, 357, 358, 352, 327, 116]"
361,8,2921,18.016994060278545,2.498218876212377e-7,0.0559999942779541,1.2750000953674316,0.0,1.3310000896453857,387.7030005455017,9,900,100.0,"[347, 347, 354, 359, 358, 359, 353, 328, 116]"
362,8,2929,18.01699501264456,9.52366015383177e-7,0.03900003433227539,1.2760000228881836,0.0,1.315000057220459,389.01800060272217,9,900,100.0,"[348, 348, 355, 360, 359, 360, 354, 329, 116]"
363,8,2937,18.01701356471414,1.8552069580124453e-5,0.0409998893737793,1.3029999732971191,0.0,1.3439998626708984,390.36200046539307,9,900,100.0,"[349, 349, 356, 361, 360, 361, 355, 330, 116]"
364,7,2944,18.01701691221413,3.3474999909799408e-6,0.042999982833862305,1.2599999904632568,0.0,1.3029999732971191,391.6650004386902,9,900,100.0,"[350, 350, 356, 362, 361, 362, 356, 331, 116]"
365,9,2953,18.017034278273066,1.736605893398746e-5,0.042999982833862305,1.2850000858306885,0.0,1.3280000686645508,392.99300050735474,9,900,100.0,"[351, 351, 357, 363, 362, 363, 357, 332, 117]"
366,6,2959,18.017111096632938,7.681835987227714e-5,0.0409998893737793,1.2800002098083496,0.0,1.321000099182129,394.31400060653687,9,900,100.0,"[352, 352, 358, 364, 363, 364, 357, 332, 117]"
367,6,2965,18.017111096632938,0.0,0.03899979591369629,1.2630000114440918,0.0,1.301999807357788,395.61600041389465,9,900,100.0,"[352, 352, 359, 365, 364, 365, 358, 333, 117]"
368,4,2969,18.017111096632938,0.0,0.03800010681152344,1.2660000324249268,0.0,1.3040001392364502,396.9200005531311,9,900,100.0,"[352, 352, 360, 366, 365, 366, 358, 333, 117]"
369,8,2977,18.017487580016418,0.00037648338348006405,0.04399991035461426,1.2940001487731934,0.0,1.3380000591278076,398.2580006122589,9,900,100.0,"[353, 353, 361, 367, 366, 367, 359, 334, 117]"
370,8,2985,18.01756748491125,7.990489483233887e-5,0.04499983787536621,1.3029999732971191,0.0,1.3479998111724854,399.6060004234314,9,900,100.0,"[354, 354, 362, 368, 367, 368, 360, 335, 117]"
371,8,2993,18.017700928982244,0.0001334440709932494,0.04400014877319336,1.313999891281128,0.0,1.3580000400543213,400.9640004634857,9,900,100.0,"[355, 355, 363, 369, 368, 369, 361, 336, 117]"
372,9,3002,18.017741324049155,4.039506691100314e-5,0.0410001277923584,1.2849998474121094,0.0,1.3259999752044678,402.2900004386902,9,900,100.0,"[356, 356, 364, 370, 369, 370, 362, 337, 118]"
373,8,3010,18.01787182838405,0.00013050433489425473,0.039999961853027344,1.2770001888275146,0.0,1.317000150680542,403.6070005893707,9,900,100.0,"[357, 357, 365, 371, 370, 371, 363, 338, 118]"
374,6,3016,18.01787182838405,0.0,0.05499982833862305,1.2690000534057617,0.0,1.3239998817443848,404.9310004711151,9,900,100.0,"[357, 357, 366, 372, 371, 372, 364, 339, 118]"
375,8,3024,18.018044458496455,0.00017263011240586934,0.0410001277923584,1.304999828338623,0.0,1.3459999561309814,406.2770004272461,9,900,100.0,"[358, 358, 367, 373, 372, 373, 365, 340, 118]"
376,8,3032,18.018078335521924,3.387702546930882e-5,0.04200005531311035,1.2730000019073486,0.0,1.315000057220459,407.59200048446655,9,900,100.0,"[359, 359, 368, 374, 373, 374, 366, 341, 118]"
377,8,3040,18.018116249915007,3.791439308287181e-5,0.042999982833862305,1.3050000667572021,0.0,1.3480000495910645,408.9400005340576,9,900,100.0,"[360, 360, 369, 375, 374, 375, 367, 342, 118]"
378,8,3048,18.01828383979879,0.00016758988378384743,0.04399991035461426,1.3270001411437988,0.0,1.371000051498413,410.31100058555603,9,900,100.0,"[361, 361, 370, 376, 375, 376, 368, 343, 118]"
379,8,3056,18.018293181411888,9.341613097291201e-6,0.04199981689453125,1.2840001583099365,0.0,1.3259999752044678,411.6370005607605,9,900,100.0,"[362, 362, 371, 377, 376, 377, 369, 344, 118]"
380,8,3064,18.018301550180748,8.368768860123055e-6,0.04799985885620117,1.315000057220459,0.0,1.3629999160766602,413.00000047683716,9,900,100.0,"[363, 363, 372, 378, 377, 378, 370, 345, 118]"
381,8,3072,18.018360769678715,5.9219497966722656e-5,0.04900002479553223,1.308000087738037,0.0,1.3570001125335693,414.3570005893707,9,900,100.0,"[364, 364, 373, 379, 378, 379, 371, 346, 118]"
382,9,3081,18.0183654822036,4.712524884098457e-6,0.039999961853027344,1.2890000343322754,0.0,1.3289999961853027,415.68600058555603,9,900,100.0,"[365, 365, 374, 380, 379, 380, 372, 347, 119]"
383,6,3087,18.0183654822036,0.0,0.039999961853027344,1.2960000038146973,0.0,1.3359999656677246,417.02200055122375,9,900,100.0,"[365, 365, 375, 381, 380, 381, 373, 348, 119]"
384,8,3095,18.018427022105495,6.15399018961682e-5,0.04399991035461426,1.315000057220459,0.0,1.3589999675750732,418.3810005187988,9,900,100.0,"[366, 366, 376, 382, 381, 382, 374, 349, 119]"
385,8,3103,18.018435888095283,8.865989787665285e-6,0.039999961853027344,1.2829999923706055,0.0,1.3229999542236328,419.70400047302246,9,900,100.0,"[367, 367, 377, 383, 382, 383, 375, 350, 119]"
386,9,3112,18.018464972165418,2.9084070135354523e-5,0.04400014877319336,1.310999870300293,0.0,1.3550000190734863,421.05900049209595,9,900,100.0,"[368, 368, 378, 384, 383, 384, 376, 351, 120]"
387,8,3120,18.019324985729774,0.0008600135643561657,0.046000003814697266,1.311000108718872,0.0,1.3570001125335693,422.4160006046295,9,900,100.0,"[369, 369, 379, 385, 384, 385, 377, 352, 120]"
388,8,3128,18.01947103605053,0.00014605032075465374,0.04200005531311035,1.2990000247955322,0.0,1.3410000801086426,423.75700068473816,9,900,100.0,"[370, 370, 380, 386, 385, 386, 378, 353, 120]"
389,8,3136,18.019537352090158,6.63160396285889e-5,0.04399991035461426,1.313999891281128,0.0,1.3579998016357422,425.1150004863739,9,900,100.0,"[371, 371, 381, 387, 386, 387, 379, 354, 120]"
390,8,3144,18.019575506030048,3.815393989015092e-5,0.04200005531311035,1.3299999237060547,0.0,1.371999979019165,426.48700046539307,9,900,100.0,"[372, 372, 382, 388, 387, 388, 380, 355, 120]"
391,9,3153,18.019724148152335,0.000148642122287157,0.04900002479553223,1.3280000686645508,0.0,1.377000093460083,427.86400055885315,9,900,100.0,"[373, 373, 383, 389, 388, 389, 381, 356, 121]"
392,8,3161,18.019745256942507,2.1108790171808778e-5,0.04399991035461426,1.308000087738037,0.0,1.3519999980926514,429.2160005569458,9,900,100.0,"[374, 374, 384, 390, 389, 390, 382, 357, 121]"
393,8,3169,18.019813498522836,6.824158032969763e-5,0.046000003814697266,1.4110000133514404,0.0,1.4570000171661377,430.67300057411194,9,900,100.0,"[375, 375, 385, 391, 390, 391, 383, 358, 121]"
394,8,3177,18.019825451326348,1.1952803511405818e-5,0.0559999942779541,1.3959999084472656,0.0,1.4519999027252197,432.12500047683716,9,900,100.0,"[376, 376, 386, 392, 391, 392, 384, 359, 121]"
395,6,3183,18.01986825922666,4.280790031074844e-5,0.04700016975402832,1.4179999828338623,0.0,1.4650001525878906,433.59000062942505,9,900,100.0,"[377, 377, 387, 393, 392, 393, 384, 359, 121]"
396,8,3191,18.020016948841974,0.00014868961531533387,0.056999921798706055,1.4219999313354492,0.0,1.4789998531341553,435.0690004825592,9,900,100.0,"[378, 378, 388, 394, 393, 394, 385, 360, 121]"
397,8,3199,18.020042882781578,2.593393960381718e-5,0.04200005531311035,1.3220000267028809,0.0,1.3640000820159912,436.4330005645752,9,900,100.0,"[379, 379, 389, 395, 394, 395, 386, 361, 121]"
398,8,3207,18.020089237983832,4.635520225448886e-5,0.04800009727478027,1.3179998397827148,0.0,1.3659999370574951,437.7990005016327,9,900,100.0,"[380, 380, 390, 396, 395, 396, 387, 362, 121]"
399,8,3215,18.020106080532024,1.6842548191675633e-5,0.04500007629394531,1.3380000591278076,0.0,1.383000135421753,439.18200063705444,9,900,100.0,"[381, 381, 391, 397, 396, 397, 388, 363, 121]"
400,8,3223,18.02018484574036,7.876520833605127e-5,0.04200005531311035,1.315999984741211,0.0,1.3580000400543213,440.54000067710876,9,900,100.0,"[382, 382, 392, 398, 397, 398, 389, 364, 121]"
401,7,3230,18.020193980247466,9.13450710626762e-6,0.04200005531311035,1.2939999103546143,0.0,1.3359999656677246,441.8760006427765,9,900,100.0,"[383, 383, 392, 399, 398, 399, 390, 365, 121]"
402,8,3238,18.02019571843533,1.7381878620881253e-6,0.04399991035461426,1.3100001811981201,0.0,1.3540000915527344,443.2300007343292,9,900,100.0,"[384, 384, 393, 400, 399, 400, 391, 366, 121]"
403,8,3246,18.020200961179615,5.242744286704237e-6,0.0409998893737793,1.3329999446868896,0.0,1.373999834060669,444.6040005683899,9,900,100.0,"[385, 385, 394, 401, 400, 401, 392, 367, 121]"
404,8,3254,18.02022635944287,2.5398263254317044e-5,0.054000139236450195,1.3309998512268066,0.0,1.3849999904632568,445.98900055885315,9,900,100.0,"[386, 386, 395, 402, 401, 402, 393, 368, 121]"
405,8,3262,18.02023470248773,8.343044861192084e-6,0.046000003814697266,1.3530001640319824,0.0,1.3990001678466797,447.38800072669983,9,900,100.0,"[387, 387, 396, 403, 402, 403, 394, 369, 121]"
406,8,3270,18.02027568214736,4.097965963012484e-5,0.04399991035461426,1.3359999656677246,0.0,1.3799998760223389,448.76800060272217,9,900,100.0,"[388, 388, 397, 404, 403, 404, 395, 370, 121]"
407,8,3278,18.020295711358823,2.0029211462713192e-5,0.04500007629394531,1.3469998836517334,0.0,1.3919999599456787,450.16000056266785,9,900,100.0,"[389, 389, 398, 405, 404, 405, 396, 371, 121]"
408,8,3286,18.020392212688353,9.650132952998547e-5,0.04200005531311035,1.321000099182129,0.0,1.3630001544952393,451.5230007171631,9,900,100.0,"[390, 390, 399, 406, 405, 406, 397, 372, 121]"
409,9,3295,18.020400163153706,7.950465352735137e-6,0.04499983787536621,1.3580000400543213,0.0,1.4029998779296875,452.9260005950928,9,900,100.0,"[391, 391, 400, 407, 406, 407, 398, 373, 122]"
410,8,3303,18.02046800027616,6.783712245450602e-5,0.046000003814697266,1.3700001239776611,0.0,1.4160001277923584,454.34200072288513,9,900,100.0,"[392, 392, 401, 408, 407, 408, 399, 374, 122]"
411,8,3311,18.02047712681716,9.126540998494193e-6,0.042999982833862305,1.312999963760376,0.0,1.3559999465942383,455.69800066947937,9,900,100.0,"[393, 393, 402, 409, 408, 409, 400, 375, 122]"
412,9,3320,18.020816644471036,0.00033951765387740807,0.04699993133544922,1.3610000610351562,0.0,1.4079999923706055,457.10600066185,9,900,100.0,"[394, 394, 403, 410, 409, 410, 401, 376, 123]"
413,8,3328,18.020906124273758,8.947980272111522e-5,0.04400014877319336,1.3479998111724854,0.0,1.3919999599456787,458.49800062179565,9,900,100.0,"[395, 395, 404, 411, 410, 411, 402, 377, 123]"
414,8,3336,18.021094252728815,0.00018812845505777887,0.057000160217285156,1.3499999046325684,0.0,1.4070000648498535,459.9050006866455,9,900,100.0,"[396, 396, 405, 412, 411, 412, 403, 378, 123]"
415,8,3344,18.02112355054823,2.9297819413187653e-5,0.04400014877319336,1.3539998531341553,0.0,1.3980000019073486,461.30300068855286,9,900,100.0,"[397, 397, 406, 413, 412, 413, 404, 379, 123]"
416,8,3352,18.02123145528367,0.00010790473544020074,0.04900002479553223,1.3659999370574951,0.0,1.4149999618530273,462.7180006504059,9,900,100.0,"[398, 398, 407, 414, 413, 414, 405, 380, 123]"
417,8,3360,18.021250358111388,1.8902827719102788e-5,0.04800009727478027,1.3480000495910645,0.0,1.3960001468658447,464.11400079727173,9,900,100.0,"[399, 399, 408, 415, 414, 415, 406, 381, 123]"
418,8,3368,18.021264642285182,1.4284173794010258e-5,0.05799984931945801,1.374000072479248,0.0,1.431999921798706,465.54600071907043,9,900,100.0,"[400, 400, 409, 416, 415, 416, 407, 382, 123]"
419,8,3376,18.02126856945556,3.927170379114386e-6,0.04500007629394531,1.370999813079834,0.0,1.4159998893737793,466.9620006084442,9,900,100.0,"[401, 401, 410, 417, 416, 417, 408, 383, 123]"
420,7,3383,18.021285947693702,1.737823814096373e-5,0.04200005531311035,1.3519999980926514,0.0,1.3940000534057617,468.35600066185,9,900,100.0,"[402, 402, 411, 418, 417, 418, 409, 383, 123]"
421,8,3391,18.021305260306665,1.9312612963062747e-5,0.04799985885620117,1.4010000228881836,0.0,1.4489998817443848,469.80500054359436,9,900,100.0,"[403, 403, 412, 419, 418, 419, 410, 384, 123]"
422,8,3399,18.02131055582591,5.295519244441493e-6,0.046000003814697266,1.3670001029968262,0.0,1.4130001068115234,471.2180006504059,9,900,100.0,"[404, 404, 413, 420, 419, 420, 411, 385, 123]"
423,8,3407,18.02132343397431,1.2878148400119471e-5,0.04799985885620117,1.3670001029968262,0.0,1.4149999618530273,472.6330006122589,9,900,100.0,"[405, 405, 414, 421, 420, 421, 412, 386, 123]"
424,8,3415,18.02143779192038,0.00011435794607095318,0.04399991035461426,1.4670000076293945,0.0,1.5109999179840088,474.1440005302429,9,900,100.0,"[406, 406, 415, 422, 421, 422, 413, 387, 123]"
425,8,3423,18.02144859447063,1.080255024987764e-5,0.05200004577636719,1.443000078201294,0.0,1.4950001239776611,475.6390006542206,9,900,100.0,"[407, 407, 416, 423, 422, 423, 414, 388, 123]"
426,9,3432,18.02145558509936,6.990628730108028e-6,0.048999786376953125,1.4510002136230469,0.0,1.5,477.1390006542206,9,900,100.0,"[408, 408, 417, 424, 423, 424, 415, 389, 124]"
427,9,3441,18.021456850433815,1.265334454103595e-6,0.04799985885620117,1.440000057220459,0.0,1.4879999160766602,478.62700057029724,9,900,100.0,"[409, 409, 418, 425, 424, 425, 416, 390, 125]"
428,8,3449,18.021462620111414,5.769677599687384e-6,0.04800009727478027,1.4459998607635498,0.0,1.49399995803833,480.12100052833557,9,900,100.0,"[410, 410, 419, 426, 425, 426, 417, 391, 125]"
429,8,3457,18.02146466827726,2.048165846701977e-6,0.051000118255615234,1.375,0.0,1.4260001182556152,481.5470006465912,9,900,100.0,"[411, 411, 420, 427, 426, 427, 418, 392, 125]"
430,7,3464,18.02146825459719,3.5863199272512247e-6,0.04799985885620117,1.3949999809265137,0.0,1.4429998397827148,482.9900004863739,9,900,100.0,"[412, 412, 421, 428, 427, 428, 419, 392, 125]"
431,8,3472,18.02146838339447,1.2879728217285447e-7,0.0820000171661377,1.3459999561309814,0.0,1.4279999732971191,484.418000459671,9,900,100.0,"[413, 413, 422, 429, 428, 429, 420, 393, 125]"
432,8,3480,18.021468773361285,3.899668143958479e-7,0.04500007629394531,1.374000072479248,0.0,1.4190001487731934,485.8370006084442,9,900,100.0,"[414, 414, 423, 430, 429, 430, 421, 394, 125]"
433,8,3488,18.021471221909255,2.4485479706015667e-6,0.05799984931945801,1.3590002059936523,0.0,1.4170000553131104,487.2540006637573,9,900,100.0,"[415, 415, 424, 431, 430, 431, 422, 395, 125]"
434,8,3496,18.021478184047282,6.962138026977982e-6,0.04399991035461426,1.3540000915527344,0.0,1.3989999294281006,488.6530005931854,9,900,100.0,"[416, 416, 425, 432, 431, 432, 423, 396, 125]"
435,7,3503,18.021478184047282,0.0,0.04399991035461426,1.430999994277954,0.0,1.4749999046325684,490.128000497818,9,900,100.0,"[416, 416, 426, 433, 432, 433, 424, 397, 126]"
436,6,3509,18.021478184047282,0.0,0.04400014877319336,1.569000005722046,0.0,1.6130001544952393,491.74100065231323,9,900,100.0,"[416, 416, 427, 434, 433, 434, 425, 398, 126]"
437,6,3515,18.021478184047282,0.0,0.046000003814697266,1.4549999237060547,0.0,1.500999927520752,493.242000579834,9,900,100.0,"[416, 416, 428, 435, 434, 435, 426, 399, 126]"
438,8,3523,18.021674226828203,0.0001960427809208909,0.05800008773803711,1.4179999828338623,0.0,1.4760000705718994,494.7180006504059,9,900,100.0,"[417, 417, 429, 436, 435, 436, 427, 400, 126]"
439,7,3530,18.021711194339915,3.696751171133883e-5,0.0409998893737793,1.3559999465942383,0.0,1.3969998359680176,496.1150004863739,9,900,100.0,"[418, 418, 430, 437, 436, 437, 428, 400, 126]"
440,8,3538,18.021711198223752,3.883837251805744e-9,0.04400014877319336,1.3539998531341553,0.0,1.3980000019073486,497.51300048828125,9,900,100.0,"[419, 419, 431, 438, 437, 438, 429, 401, 126]"
441,8,3546,18.021721644335624,1.0446111872397523e-5,0.04900002479553223,1.4049999713897705,0.0,1.4539999961853027,498.96700048446655,9,900,100.0,"[420, 420, 432, 439, 438, 439, 430, 402, 126]"
442,8,3554,18.02176697296586,4.5328630235985656e-5,0.04500007629394531,1.375999927520752,0.0,1.4210000038146973,500.38800048828125,9,900,100.0,"[421, 421, 433, 440, 439, 440, 431, 403, 126]"
443,8,3562,18.02180360295924,3.6629993378056724e-5,0.04700016975402832,1.373999834060669,0.0,1.4210000038146973,501.80900049209595,9,900,100.0,"[422, 422, 434, 441, 440, 441, 432, 404, 126]"
444,9,3571,18.021828740627203,2.5137667964969523e-5,0.04700016975402832,1.376999855041504,0.0,1.4240000247955322,503.2330005168915,9,900,100.0,"[423, 423, 435, 442, 441, 442, 433, 405, 127]"
445,8,3579,18.02202145318581,0.00019271255860786596,0.05500006675720215,1.3959999084472656,0.0,1.4509999752044678,504.68400049209595,9,900,100.0,"[424, 424, 436, 443, 442, 443, 434, 406, 127]"
446,8,3587,18.022044027108674,2.2573922862534346e-5,0.046000003814697266,1.3680000305175781,0.0,1.4140000343322754,506.0980005264282,9,900,100.0,"[425, 425, 437, 444, 443, 444, 435, 407, 127]"
447,8,3595,18.022045401999268,1.3748905942634337e-6,0.05299997329711914,1.3570001125335693,0.0,1.4100000858306885,507.5080006122589,9,900,100.0,"[426, 426, 438, 445, 444, 445, 436, 408, 127]"
448,4,3599,18.022045401999268,0.0,0.04200005531311035,1.367999792098999,0.0,1.4099998474121094,508.918000459671,9,900,100.0,"[426, 426, 439, 446, 445, 446, 436, 408, 127]"
449,5,3604,18.022045401999268,0.0,0.05299997329711914,1.3620002269744873,0.0,1.4150002002716064,510.3330006599426,9,900,100.0,"[426, 426, 440, 447, 446, 447, 437, 408, 127]"
450,8,3612,18.02204850194428,3.0999450117974447e-6,0.04699993133544922,1.4040000438690186,0.0,1.4509999752044678,511.7840006351471,9,900,100.0,"[427, 427, 441, 448, 447, 448, 438, 409, 127]"
451,8,3620,18.022063693765617,1.519182133691288e-5,0.059999942779541016,1.375999927520752,0.0,1.435999870300293,513.2200005054474,9,900,100.0,"[428, 428, 442, 449, 448, 449, 439, 410, 127]"
452,9,3629,18.022077410607203,1.3716841586131068e-5,0.04699993133544922,1.4120001792907715,0.0,1.4590001106262207,514.6790006160736,9,900,100.0,"[429, 429, 443, 450, 449, 450, 440, 411, 128]"
453,8,3637,18.022079737346466,2.326739263480704e-6,0.05200004577636719,1.3819999694824219,0.0,1.434000015258789,516.1130006313324,9,900,100.0,"[430, 430, 444, 451, 450, 451, 441, 412, 128]"
454,9,3646,18.022081459440237,1.72209377069521e-6,0.04699993133544922,1.3910000324249268,0.0,1.437999963760376,517.5510005950928,9,900,100.0,"[431, 431, 445, 452, 451, 452, 442, 413, 129]"
455,8,3654,18.02209563873342,1.4179293181371122e-5,0.056999921798706055,1.4100000858306885,0.0,1.4670000076293945,519.0180006027222,9,900,100.0,"[432, 432, 446, 453, 452, 453, 443, 414, 129]"
456,9,3663,18.022177204979023,8.156624560484715e-5,0.04900002479553223,1.4010000228881836,0.0,1.4500000476837158,520.4680006504059,9,900,100.0,"[433, 433, 447, 454, 453, 454, 444, 415, 130]"
457,8,3671,18.022180723630424,3.5186514004692526e-6,0.051999807357788086,1.4110000133514404,0.0,1.4629998207092285,521.9310004711151,9,900,100.0,"[434, 434, 448, 455, 454, 455, 445, 416, 130]"
458,8,3679,18.02219444928997,1.372565954582683e-5,0.04900002479553223,1.4160001277923584,0.0,1.4650001525878906,523.396000623703,9,900,100.0,"[435, 435, 449, 456, 455, 456, 446, 417, 130]"
459,9,3688,18.022194907503348,4.582133783515019e-7,0.04499983787536621,1.3619999885559082,0.0,1.4069998264312744,524.8030004501343,9,900,100.0,"[436, 436, 450, 457, 456, 457, 447, 418, 131]"
460,6,3694,18.022194907503348,0.0,0.042999982833862305,1.3930001258850098,0.0,1.436000108718872,526.2390005588531,9,900,100.0,"[436, 436, 451, 458, 457, 458, 448, 419, 131]"
461,6,3700,18.022194907503348,0.0,0.046000003814697266,1.3589999675750732,0.0,1.4049999713897705,527.6440005302429,9,900,100.0,"[436, 436, 452, 459, 458, 459, 449, 420, 131]"
462,6,3706,18.022194907503348,0.0,0.0559999942779541,1.377000093460083,0.0,1.433000087738037,529.077000617981,9,900,100.0,"[436, 436, 453, 460, 459, 460, 450, 421, 131]"
463,8,3714,18.02219647537303,1.5678696811960435e-6,0.04900002479553223,1.377000093460083,0.0,1.4260001182556152,530.5030007362366,9,900,100.0,"[437, 437, 454, 461, 460, 461, 451, 422, 131]"
464,8,3722,18.022223036960007,2.656158697789124e-5,0.04699993133544922,1.375,0.0,1.4219999313354492,531.925000667572,9,900,100.0,"[438, 438, 455, 462, 461, 462, 452, 423, 131]"
465,8,3730,18.022227089069574,4.052109566998752e-6,0.04799985885620117,1.4210000038146973,0.0,1.4689998626708984,533.3940005302429,9,900,100.0,"[439, 439, 456, 463, 462, 463, 453, 424, 131]"
466,7,3737,18.02223880807343,1.1719003854437915e-5,0.04800009727478027,1.428999900817871,0.0,1.4769999980926514,534.8710005283356,9,900,100.0,"[440, 440, 457, 464, 463, 464, 454, 424, 131]"
467,8,3745,18.022249807945514,1.0999872085193374e-5,0.04800009727478027,1.4240000247955322,0.0,1.4720001220703125,536.3430006504059,9,900,100.0,"[441, 441, 458, 465, 464, 465, 455, 425, 131]"
468,8,3753,18.02230877008813,5.896214261724708e-5,0.04699993133544922,1.3880000114440918,0.0,1.434999942779541,537.7780005931854,9,900,100.0,"[442, 442, 459, 466, 465, 466, 456, 426, 131]"
469,8,3761,18.02230999065888,1.2205707484724826e-6,0.04699993133544922,1.374000072479248,0.0,1.4210000038146973,539.1990005970001,9,900,100.0,"[443, 443, 460, 467, 466, 467, 457, 427, 131]"
470,8,3769,18.02231496507397,4.974415091396622e-6,0.05900001525878906,1.3970000743865967,0.0,1.4560000896453857,540.6550006866455,9,900,100.0,"[444, 444, 461, 468, 467, 468, 458, 428, 131]"
471,9,3778,18.02232958259286,1.4617518889536996e-5,0.05299997329711914,1.4189999103546143,0.0,1.4719998836517334,542.1270005702972,9,900,100.0,"[445, 445, 462, 469, 468, 469, 459, 429, 132]"
472,8,3786,18.022333619242403,4.036649542626947e-6,0.04900002479553223,1.3910000324249268,0.0,1.440000057220459,543.5670006275177,9,900,100.0,"[446, 446, 463, 470, 469, 470, 460, 430, 132]"
473,8,3794,18.022349125983418,1.5506741014803538e-5,0.053999900817871094,1.3849999904632568,0.0,1.438999891281128,545.0060005187988,9,900,100.0,"[447, 447, 464, 471, 470, 471, 461, 431, 132]"
474,8,3802,18.02235561333425,6.487350830752803e-6,0.04800009727478027,1.434999942779541,0.0,1.4830000400543213,546.4890005588531,9,900,100.0,"[448, 448, 465, 472, 471, 472, 462, 432, 132]"
475,9,3811,18.022402600046124,4.69867118759737e-5,0.046000003814697266,1.4049999713897705,0.0,1.4509999752044678,547.9400005340576,9,900,100.0,"[449, 449, 466, 473, 472, 473, 463, 433, 133]"
476,9,3820,18.0224053608549,2.7608087762587274e-6,0.06000018119812012,1.4089999198913574,0.0,1.4690001010894775,549.4090006351471,9,900,100.0,"[450, 450, 467, 474, 473, 474, 464, 434, 134]"
477,8,3828,18.02243383435908,2.8473504180226428e-5,0.04800009727478027,1.5429999828338623,0.0,1.5910000801086426,551.0000007152557,9,900,100.0,"[451, 451, 468, 475, 474, 475, 465, 435, 134]"
478,8,3836,18.022438026879275,4.192520194123972e-6,0.04699993133544922,1.4809999465942383,0.0,1.5279998779296875,552.5280005931854,9,900,100.0,"[452, 452, 469, 476, 475, 476, 466, 436, 134]"
479,7,3843,18.022475463008007,3.743612873208235e-5,0.04999995231628418,1.448000192642212,0.0,1.498000144958496,554.0260007381439,9,900,100.0,"[453, 453, 470, 477, 476, 477, 467, 436, 134]"
480,8,3851,18.02248593657858,1.047357057260001e-5,0.06299996376037598,1.438999891281128,0.0,1.501999855041504,555.5280005931854,9,900,100.0,"[454, 454, 471, 478, 477, 478, 468, 437, 134]"
481,8,3859,18.022498018289944,1.2081711364686498e-5,0.051000118255615234,1.4659998416900635,0.0,1.5169999599456787,557.0450005531311,9,900,100.0,"[455, 455, 472, 479, 478, 479, 469, 438, 134]"
482,8,3867,18.022498666560658,6.482707135546661e-7,0.04500007629394531,1.4210000038146973,0.0,1.4660000801086426,558.5110006332397,9,900,100.0,"[456, 456, 473, 480, 479, 480, 470, 439, 134]"
483,8,3875,18.02250094733145,2.2807707935612598e-6,0.04999995231628418,1.4260001182556152,0.0,1.4760000705718994,559.9870007038116,9,900,100.0,"[457, 457, 474, 481, 480, 481, 471, 440, 134]"
484,9,3884,18.022510048243138,9.100911686488189e-6,0.05900001525878906,1.444000005722046,0.0,1.503000020980835,561.4900007247925,9,900,100.0,"[458, 458, 475, 482, 481, 482, 472, 441, 135]"
485,8,3892,18.02251148564585,1.4374027124119948e-6,0.04799985885620117,1.4520001411437988,0.0,1.5,562.9900007247925,9,900,100.0,"[459, 459, 476, 483, 482, 483, 473, 442, 135]"
486,8,3900,18.022515590556957,4.1049111061397525e-6,0.048999786376953125,1.4350001811981201,0.0,1.4839999675750732,564.4740006923676,9,900,100.0,"[460, 460, 477, 484, 483, 484, 474, 443, 135]"
487,9,3909,18.02251741086356,1.8203066041166949e-6,0.05200004577636719,1.4619998931884766,0.0,1.5139999389648438,565.9880006313324,9,900,100.0,"[461, 461, 478, 485, 484, 485, 475, 444, 136]"
488,8,3917,18.022531719892328,1.430902876720097e-5,0.04999995231628418,1.437000036239624,0.0,1.4869999885559082,567.4750006198883,9,900,100.0,"[462, 462, 479, 486, 485, 486, 476, 445, 136]"
489,8,3925,18.0225337288161,2.00892377222317e-6,0.06200003623962402,1.4549999237060547,0.0,1.5169999599456787,568.992000579834,9,900,100.0,"[463, 463, 480, 487, 486, 487, 477, 446, 136]"
490,9,3934,18.022543645594414,9.916778314078556e-6,0.046000003814697266,1.4630000591278076,0.0,1.5090000629425049,570.5010006427765,9,900,100.0,"[464, 464, 481, 488, 487, 488, 478, 447, 137]"
491,8,3942,18.022545192937923,1.547343508434551e-6,0.05299997329711914,1.433000087738037,0.0,1.4860000610351562,571.9870007038116,9,900,100.0,"[465, 465, 482, 489, 488, 489, 479, 448, 137]"
492,8,3950,18.02255062141316,5.428475237323482e-6,0.04499983787536621,1.4279999732971191,0.0,1.4729998111724854,573.4600005149841,9,900,100.0,"[466, 466, 483, 490, 489, 490, 480, 449, 137]"
493,6,3956,18.02255062141316,0.0,0.04800009727478027,1.4110000133514404,0.0,1.4590001106262207,574.9190006256104,9,900,100.0,"[466, 466, 484, 491, 490, 491, 481, 450, 137]"
494,7,3963,18.02255062141316,0.0,0.05500006675720215,1.4519999027252197,0.0,1.5069999694824219,576.4260005950928,9,900,100.0,"[466, 466, 485, 492, 491, 492, 482, 451, 138]"
495,8,3971,18.022552229994215,1.6085810550237056e-6,0.051000118255615234,1.4700000286102295,0.0,1.5210001468658447,577.9470007419586,9,900,100.0,"[467, 467, 486, 493, 492, 493, 483, 452, 138]"
496,8,3979,18.022560253537428,8.023543212942741e-6,0.04499983787536621,1.4539999961853027,0.0,1.498999834060669,579.4460005760193,9,900,100.0,"[468, 468, 487, 494, 493, 494, 484, 453, 138]"
497,8,3987,18.022608298648525,4.804511109668397e-5,0.05500006675720215,1.4760000705718994,0.0,1.5310001373291016,580.9770007133484,9,900,100.0,"[469, 469, 488, 495, 494, 495, 485, 454, 138]"
498,9,3996,18.022615129610838,6.830962313131295e-6,0.051999807357788086,1.4710001945495605,0.0,1.5230000019073486,582.5000007152557,9,900,100.0,"[470, 470, 489, 496, 495, 496, 486, 455, 139]"
499,7,4003,18.022615668332833,5.387219950137023e-7,0.04699993133544922,1.4300000667572021,0.0,1.4769999980926514,583.9770007133484,9,900,100.0,"[471, 471, 490, 497, 496, 497, 487, 455, 139]"
500,8,4011,18.022617882602738,2.214269905209676e-6,0.05099987983703613,1.4639999866485596,0.0,1.5149998664855957,585.492000579834,9,900,100.0,"[472, 472, 491, 498, 497, 498, 488, 456, 139]"
501,8,4019,18.022655959381602,3.807677886413785e-5,0.054000139236450195,1.4589998722076416,0.0,1.5130000114440918,587.0050005912781,9,900,100.0,"[473, 473, 492, 499, 498, 499, 489, 457, 139]"
502,8,4027,18.022663296238523,7.336856921114077e-6,0.06400012969970703,1.444000005722046,0.0,1.508000135421753,588.5130007266998,9,900,100.0,"[474, 474, 493, 500, 499, 500, 490, 458, 139]"
503,8,4035,18.02267311933827,9.823099745176478e-6,0.06299996376037598,1.4479999542236328,0.0,1.5109999179840088,590.0240006446838,9,900,100.0,"[475, 475, 494, 501, 500, 501, 491, 459, 139]"
504,9,4044,18.022678927636125,5.808297856901845e-6,0.05200004577636719,1.5820000171661377,0.0,1.6340000629425049,591.6580007076263,9,900,100.0,"[476, 476, 495, 502, 501, 502, 492, 460, 140]"
505,8,4052,18.022694475879923,1.5548243798235717e-5,0.06399989128112793,1.4940001964569092,0.0,1.558000087738037,593.2160007953644,9,900,100.0,"[477, 477, 496, 503, 502, 503, 493, 461, 140]"
506,8,4060,18.02269691334741,2.437467486515743e-6,0.04799985885620117,1.4930000305175781,0.0,1.5409998893737793,594.7570006847382,9,900,100.0,"[478, 478, 497, 504, 503, 504, 494, 462, 140]"
507,8,4068,18.022709247541563,1.2334194153140743e-5,0.04800009727478027,1.4759998321533203,0.0,1.5239999294281006,596.2810006141663,9,900,100.0,"[479, 479, 498, 505, 504, 505, 495, 463, 140]"
508,8,4076,18.022712007638155,2.7600965921692477e-6,0.04800009727478027,1.4509999752044678,0.0,1.499000072479248,597.7800006866455,9,900,100.0,"[480, 480, 499, 506, 505, 506, 496, 464, 140]"
509,8,4084,18.02275152481526,3.9517177103931544e-5,0.04900002479553223,1.4530000686645508,0.0,1.502000093460083,599.2820007801056,9,900,100.0,"[481, 481, 500, 507, 506, 507, 497, 465, 140]"
510,8,4092,18.022755760680774,4.23586551434596e-6,0.05099987983703613,1.4700000286102295,0.0,1.5209999084472656,600.8030006885529,9,900,100.0,"[482, 482, 501, 508, 507, 508, 498, 466, 140]"
511,8,4100,18.022759796998297,4.036317523770094e-6,0.05200004577636719,1.4779999256134033,0.0,1.5299999713897705,602.3330006599426,9,900,100.0,"[483, 483, 502, 509, 508, 509, 499, 467, 140]"
512,8,4108,18.022760297652745,5.006544476771069e-7,0.04999995231628418,1.4730000495910645,0.0,1.5230000019073486,603.85600066185,9,900,100.0,"[484, 484, 503, 510, 509, 510, 500, 468, 140]"
513,8,4116,18.02276491073337,4.613080623272481e-6,0.05299997329711914,1.4780001640319824,0.0,1.5310001373291016,605.3870007991791,9,900,100.0,"[485, 485, 504, 511, 510, 511, 501, 469, 140]"
514,8,4124,18.02279567602102,3.076528765078024e-5,0.04999995231628418,1.4719998836517334,0.0,1.5219998359680176,606.9090006351471,9,900,100.0,"[486, 486, 505, 512, 511, 512, 502, 470, 140]"
515,8,4132,18.02280146868318,5.792662161496764e-6,0.05299997329711914,1.502000093460083,0.0,1.5550000667572021,608.4640007019043,9,900,100.0,"[487, 487, 506, 513, 512, 513, 503, 471, 140]"
516,9,4141,18.022808386074466,6.917391285554686e-6,0.05099987983703613,1.4800000190734863,0.0,1.5309998989105225,609.9950006008148,9,900,100.0,"[488, 488, 507, 514, 513, 514, 504, 472, 141]"
517,9,4150,18.022809076683583,6.906091165603812e-7,0.04500007629394531,1.4700000286102295,0.0,1.5150001049041748,611.510000705719,9,900,100.0,"[489, 489, 508, 515, 514, 515, 505, 473, 142]"
518,8,4158,18.022811509386,2.4327024163994793e-6,0.05200004577636719,1.5160000324249268,0.0,1.568000078201294,613.0780007839203,9,900,100.0,"[490, 490, 509, 516, 515, 516, 506, 474, 142]"
519,8,4166,18.02281809125511,6.581869111954575e-6,0.04999995231628418,1.566999912261963,0.0,1.616999864578247,614.6950006484985,9,900,100.0,"[491, 491, 510, 517, 516, 517, 507, 475, 142]"
520,9,4175,18.02282490102499,6.809769878657335e-6,0.05500006675720215,1.5069999694824219,0.0,1.562000036239624,616.2570006847382,9,900,100.0,"[492, 492, 511, 518, 517, 518, 508, 476, 143]"
521,8,4183,18.022878319740382,5.341871539243925e-5,0.05299997329711914,1.4830000400543213,0.0,1.5360000133514404,617.7930006980896,9,900,100.0,"[493, 493, 512, 519, 518, 519, 509, 477, 143]"
522,8,4191,18.022883851703313,5.531962930405143e-6,0.05099987983703613,1.5130000114440918,0.0,1.563999891281128,619.3570005893707,9,900,100.0,"[494, 494, 513, 520, 519, 520, 510, 478, 143]"
523,8,4199,18.022917023555536,3.317185222329044e-5,0.051000118255615234,1.5109999179840088,0.0,1.562000036239624,620.9190006256104,9,900,100.0,"[495, 495, 514, 521, 520, 521, 511, 479, 143]"
524,8,4207,18.022924579985833,7.556430297483985e-6,0.04900002479553223,1.496999979019165,0.0,1.5460000038146973,622.465000629425,9,900,100.0,"[496, 496, 515, 522, 521, 522, 512, 480, 143]"
525,7,4214,18.022937670281806,1.3090295972517652e-5,0.05200004577636719,1.4809999465942383,0.0,1.5329999923706055,623.9980006217957,9,900,100.0,"[497, 497, 516, 523, 522, 523, 513, 480, 143]"
526,8,4222,18.022959969915288,2.2299633481992487e-5,0.057000160217285156,1.5369999408721924,0.0,1.5940001010894775,625.5920007228851,9,900,100.0,"[498, 498, 517, 524, 523, 524, 514, 481, 143]"
527,8,4230,18.02296554867434,5.578759051161342e-6,0.04699993133544922,1.4869999885559082,0.0,1.5339999198913574,627.1260006427765,9,900,100.0,"[499, 499, 518, 525, 524, 525, 515, 482, 143]"
528,7,4237,18.022978679007803,1.3130333464062005e-5,0.054000139236450195,1.4670000076293945,0.0,1.5210001468658447,628.6470007896423,9,900,100.0,"[500, 500, 519, 526, 525, 526, 516, 482, 143]"
529,6,4243,18.022978679007803,0.0,0.05499982833862305,1.444000005722046,0.0,1.498999834060669,630.146000623703,9,900,100.0,"[500, 500, 520, 527, 526, 527, 517, 483, 143]"
530,7,4250,18.022978679007803,0.0,0.04800009727478027,1.4639999866485596,0.0,1.5120000839233398,631.6580007076263,9,900,100.0,"[500, 500, 521, 528, 527, 528, 518, 484, 144]"
531,8,4258,18.022985960581448,7.281573644490891e-6,0.053999900817871094,1.4940001964569092,0.0,1.5480000972747803,633.2060008049011,9,900,100.0,"[501, 501, 522, 529, 528, 529, 519, 485, 144]"
532,7,4265,18.022987148747532,1.188166084631348e-6,0.04799985885620117,1.4670000076293945,0.0,1.5149998664855957,634.7210006713867,9,900,100.0,"[502, 502, 523, 530, 529, 530, 520, 485, 144]"
533,7,4272,18.02299152172044,4.372972906452333e-6,0.05200004577636719,1.5230000019073486,0.0,1.5750000476837158,636.2960007190704,9,900,100.0,"[503, 503, 524, 531, 530, 531, 521, 485, 144]"
534,8,4280,18.022993264519997,1.7427995580021616e-6,0.04999995231628418,1.4790000915527344,0.0,1.5290000438690186,637.8250007629395,9,900,100.0,"[504, 504, 525, 532, 531, 532, 522, 486, 144]"
535,8,4288,18.023000882557287,7.618037290768598e-6,0.05099987983703613,1.4790000915527344,0.0,1.5299999713897705,639.3550007343292,9,900,100.0,"[505, 505, 526, 533, 532, 533, 523, 487, 144]"
536,8,4296,18.023002624603098,1.7420458107153536e-6,0.05299997329711914,1.497999906539917,0.0010001659393310547,1.5520000457763672,640.9070007801056,9,900,100.0,"[506, 506, 527, 534, 533, 534, 524, 488, 144]"
537,8,4304,18.023005251800726,2.627197627447231e-6,0.0559999942779541,1.4479999542236328,0.0,1.503999948501587,642.4110007286072,9,900,100.0,"[507, 507, 528, 535, 534, 535, 525, 489, 144]"
538,6,4310,18.023005251800726,0.0,0.056999921798706055,1.4590001106262207,0.0,1.5160000324249268,643.9270007610321,9,900,100.0,"[507, 507, 529, 536, 535, 536, 526, 490, 144]"
539,7,4317,18.02301377397301,8.52217228342056e-6,0.053999900817871094,1.5220000743865967,0.0,1.5759999752044678,645.5030007362366,9,900,100.0,"[508, 508, 530, 537, 536, 537, 527, 490, 144]"
540,8,4325,18.023015315313167,1.5413401577291097e-6,0.04900002479553223,1.496000051498413,0.0,1.5450000762939453,647.0480008125305,9,900,100.0,"[509, 509, 531, 538, 537, 538, 528, 491, 144]"
541,9,4334,18.023039311168915,2.3995855748637496e-5,0.0559999942779541,1.5329999923706055,0.0,1.5889999866485596,648.6370007991791,9,900,100.0,"[510, 510, 532, 539, 538, 539, 529, 492, 145]"
542,8,4342,18.02304472470761,5.4135386946541075e-6,0.04900002479553223,1.5299999713897705,0.0,1.5789999961853027,650.2160007953644,9,900,100.0,"[511, 511, 533, 540, 539, 540, 530, 493, 145]"
543,8,4350,18.023056363107575,1.163839996465299e-5,0.06500005722045898,1.5260000228881836,0.0,1.5910000801086426,651.807000875473,9,900,100.0,"[512, 512, 534, 541, 540, 541, 531, 494, 145]"
544,9,4359,18.023056735332684,3.7222510940182474e-7,0.04799985885620117,1.4909999370574951,0.0,1.5389997959136963,653.3460006713867,9,900,100.0,"[513, 513, 535, 542, 541, 542, 532, 495, 146]"
545,6,4365,18.023056735332684,0.0,0.04700016975402832,1.4879999160766602,0.0009999275207519531,1.5360000133514404,654.8820006847382,9,900,100.0,"[513, 513, 536, 543, 542, 543, 533, 496, 146]"
546,8,4373,18.023061825361243,5.0900285586408245e-6,0.05299997329711914,1.50600004196167,0.0,1.559000015258789,656.441000699997,9,900,100.0,"[514, 514, 537, 544, 543, 544, 534, 497, 146]"
547,8,4381,18.02306261266852,7.873072789266189e-7,0.04800009727478027,1.5,0.0,1.5480000972747803,657.9890007972717,9,900,100.0,"[515, 515, 538, 545, 544, 545, 535, 498, 146]"
548,8,4389,18.023063417879825,8.052113038559128e-7,0.06200003623962402,1.5479998588562012,0.0,1.6099998950958252,659.5990006923676,9,900,100.0,"[516, 516, 539, 546, 545, 546, 536, 499, 146]"
549,9,4398,18.023069930509983,6.51263015782888e-6,0.04900002479553223,1.4869999885559082,0.0,1.5360000133514404,661.135000705719,9,900,100.0,"[517, 517, 540, 547, 546, 547, 537, 500, 147]"
550,7,4405,18.02308584647064,1.591596065608769e-5,0.04800009727478027,1.4789998531341553,0.0,1.5269999504089355,662.6620006561279,9,900,100.0,"[518, 518, 541, 548, 547, 548, 538, 500, 147]"
551,7,4412,18.02308584647064,0.0,0.05200004577636719,1.494999885559082,0.0,1.5469999313354492,664.2090005874634,9,900,100.0,"[518, 518, 542, 549, 548, 549, 539, 501, 148]"
552,8,4420,18.02310025373597,1.4407265329197116e-5,0.05299997329711914,1.567000150680542,0.0,1.6200001239776611,665.829000711441,9,900,100.0,"[519, 519, 543, 550, 549, 550, 540, 502, 148]"
553,8,4428,18.02317208308738,7.182935141258895e-5,0.04399991035461426,1.4849998950958252,0.0,1.5289998054504395,667.3580005168915,9,900,100.0,"[520, 520, 544, 551, 550, 551, 541, 503, 148]"
554,8,4436,18.023184501677225,1.241858984357691e-5,0.05000019073486328,1.488999843597412,0.0,1.5390000343322754,668.8970005512238,9,900,100.0,"[521, 521, 545, 552, 551, 552, 542, 504, 148]"
555,8,4444,18.02318609526568,1.593588454085193e-6,0.04800009727478027,1.5230000019073486,0.0,1.571000099182129,670.4680006504059,9,900,100.0,"[522, 522, 546, 553, 552, 553, 543, 505, 148]"
556,7,4451,18.023197136898553,1.1041632873798335e-5,0.06699991226196289,1.6370000839233398,0.0,1.7039999961853027,672.1720006465912,9,900,100.0,"[523, 523, 547, 554, 553, 554, 544, 505, 148]"
557,8,4459,18.023231461793813,3.432489526034033e-5,0.053999900817871094,1.5429999828338623,0.0,1.5969998836517334,673.7690005302429,9,900,100.0,"[524, 524, 548, 555, 554, 555, 545, 506, 148]"
558,8,4467,18.023246754475387,1.5292681574408107e-5,0.05299997329711914,1.5380001068115234,0.0,1.5910000801086426,675.3600006103516,9,900,100.0,"[525, 525, 549, 556, 555, 556, 546, 507, 148]"
559,8,4475,18.023301350125422,5.459565003462785e-5,0.05099987983703613,1.5490000247955322,0.0,1.5999999046325684,676.9600005149841,9,900,100.0,"[526, 526, 550, 557, 556, 557, 547, 508, 148]"
560,8,4483,18.02356437277884,0.0002630226534172664,0.054000139236450195,1.5390000343322754,0.0,1.5930001735687256,678.5530006885529,9,900,100.0,"[527, 527, 551, 558, 557, 558, 548, 509, 148]"
561,8,4491,18.023594487601677,3.0114822838100963e-5,0.05200004577636719,1.497999906539917,0.0,1.5499999523162842,680.1030006408691,9,900,100.0,"[528, 528, 552, 559, 558, 559, 549, 510, 148]"
562,8,4499,18.023614895007334,2.0407405656897026e-5,0.04999995231628418,1.568000078201294,0.0,1.6180000305175781,681.7210006713867,9,900,100.0,"[529, 529, 553, 560, 559, 560, 550, 511, 148]"
563,8,4507,18.023745126427755,0.000130231420421012,0.053999900817871094,1.5270001888275146,0.0,1.5810000896453857,683.3020007610321,9,900,100.0,"[530, 530, 554, 561, 560, 561, 551, 512, 148]"
564,8,4515,18.02376395311832,1.8826690563855664e-5,0.04900002479553223,1.551999807357788,0.0,1.6009998321533203,684.9030005931854,9,900,100.0,"[531, 531, 555, 562, 561, 562, 552, 513, 148]"
565,8,4523,18.02397043269241,0.00020647957408925777,0.05299997329711914,1.563000202178955,0.0,1.6160001754760742,686.5190007686615,9,900,100.0,"[532, 532, 556, 563, 562, 563, 553, 514, 148]"
566,9,4532,18.02418587159496,0.00021543890255060205,0.05299997329711914,1.569000005722046,0.0,1.621999979019165,688.1410007476807,9,900,100.0,"[533, 533, 557, 564, 563, 564, 554, 515, 149]"
567,8,4540,18.025120883277346,0.0009350116823867438,0.05099987983703613,1.5150001049041748,0.0,1.565999984741211,689.7070007324219,9,900,100.0,"[534, 534, 558, 565, 564, 565, 555, 516, 149]"
568,8,4548,18.025138666818375,1.7783541029103844e-5,0.05099987983703613,1.5499999523162842,0.0,1.6009998321533203,691.3080005645752,9,900,100.0,"[535, 535, 559, 566, 565, 566, 556, 517, 149]"
569,8,4556,18.025275081020844,0.00013641420246912617,0.057000160217285156,1.5379998683929443,0.0,1.5950000286102295,692.9030005931854,9,900,100.0,"[536, 536, 560, 567, 566, 567, 557, 518, 149]"
570,9,4565,18.025304978828157,2.9897807312551095e-5,0.05299997329711914,1.5280001163482666,0.0,1.5810000896453857,694.4840006828308,9,900,100.0,"[537, 537, 561, 568, 567, 568, 558, 519, 150]"
571,8,4573,18.025393020753665,8.804192550826428e-5,0.06699991226196289,1.5529999732971191,0.0,1.619999885559082,696.1040005683899,9,900,100.0,"[538, 538, 562, 569, 568, 569, 559, 520, 150]"
572,8,4581,18.025405289592253,1.226883858862493e-5,0.05300021171569824,1.5529999732971191,0.0,1.6060001850128174,697.7100007534027,9,900,100.0,"[539, 539, 563, 570, 569, 570, 560, 521, 150]"
573,8,4589,18.025434593818883,2.9304226629278673e-5,0.0559999942779541,1.5920000076293945,0.0,1.6480000019073486,699.3580007553101,9,900,100.0,"[540, 540, 564, 571, 570, 571, 561, 522, 150]"
574,8,4597,18.025435708573227,1.1147543439449237e-6,0.053999900817871094,1.5360000133514404,0.0,1.5899999141693115,700.9480006694794,9,900,100.0,"[541, 541, 565, 572, 571, 572, 562, 523, 150]"
575,8,4605,18.02548005262618,4.4344052952283164e-5,0.05800008773803711,1.5939998626708984,0.0,1.6519999504089355,702.6000006198883,9,900,100.0,"[542, 542, 566, 573, 572, 573, 563, 524, 150]"
576,7,4612,18.0254865884589,6.535832721255019e-6,0.06100010871887207,1.5339999198913574,0.0,1.5950000286102295,704.1950006484985,9,900,100.0,"[543, 543, 567, 574, 573, 574, 564, 524, 150]"
577,6,4618,18.0254865884589,0.0,0.054000139236450195,1.5429999828338623,0.0,1.5970001220703125,705.7920007705688,9,900,100.0,"[543, 543, 568, 575, 574, 575, 565, 525, 150]"
578,8,4626,18.02549652746092,9.939002019621057e-6,0.051999807357788086,1.5860002040863037,0.0,1.6380000114440918,707.4300007820129,9,900,100.0,"[544, 544, 569, 576, 575, 576, 566, 526, 150]"
579,8,4634,18.025499677656452,3.1501955319868102e-6,0.06099987030029297,1.5880000591278076,0.0,1.6489999294281006,709.079000711441,9,900,100.0,"[545, 545, 570, 577, 576, 577, 567, 527, 150]"
580,8,4642,18.025550093461984,5.0415805532111335e-5,0.0559999942779541,1.625999927520752,0.0,1.681999921798706,710.7610006332397,9,900,100.0,"[546, 546, 571, 578, 577, 578, 568, 528, 150]"
581,8,4650,18.02556704595067,1.6952488685717526e-5,0.05800008773803711,1.621000051498413,0.0,1.6790001392364502,712.4400007724762,9,900,100.0,"[547, 547, 572, 579, 578, 579, 569, 529, 150]"
582,8,4658,18.025610832031234,4.3786080563990026e-5,0.048999786376953125,1.5380001068115234,0.0,1.5869998931884766,714.0270006656647,9,900,100.0,"[548, 548, 573, 580, 579, 580, 570, 530, 150]"
583,9,4667,18.025614081585324,3.2495540907007125e-6,0.06500005722045898,1.6369998455047607,0.0,1.7019999027252197,715.7290005683899,9,900,100.0,"[549, 549, 574, 581, 580, 581, 571, 531, 151]"
584,9,4676,18.025620155891907,6.074306583059297e-6,0.05500006675720215,1.6019999980926514,0.0,1.6570000648498535,717.3860006332397,9,900,100.0,"[550, 550, 575, 582, 581, 582, 572, 532, 152]"
585,8,4684,18.02565038357165,3.0227679744143643e-5,0.06500005722045898,1.5969998836517334,0.0,1.6619999408721924,719.0480005741119,9,900,100.0,"[551, 551, 576, 583, 582, 583, 573, 533, 152]"
586,8,4692,18.02565217638462,1.792812970080604e-6,0.054000139236450195,1.6180000305175781,0.0,1.6720001697540283,720.720000743866,9,900,100.0,"[552, 552, 577, 584, 583, 584, 574, 534, 152]"
587,8,4700,18.025672503983653,2.032759903158876e-5,0.07699990272521973,1.6080000400543213,0.0,1.684999942779541,722.4050006866455,9,900,100.0,"[553, 553, 578, 585, 584, 585, 575, 535, 152]"
588,8,4708,18.025677881124675,5.377141022222531e-6,0.0559999942779541,1.6119999885559082,0.0,1.6679999828338623,724.0730006694794,9,900,100.0,"[554, 554, 579, 586, 585, 586, 576, 536, 152]"
589,8,4716,18.02569965356815,2.1772443474787906e-5,0.06500005722045898,1.5899999141693115,0.0,1.6549999713897705,725.7280006408691,9,900,100.0,"[555, 555, 580, 587, 586, 587, 577, 537, 152]"
590,6,4722,18.025701376501686,1.722933536285609e-6,0.04900002479553223,1.5789999961853027,0.0,1.628000020980835,727.35600066185,9,900,100.0,"[556, 556, 581, 588, 587, 588, 577, 537, 152]"
591,8,4730,18.02570177786335,4.013616639042539e-7,0.059999942779541016,1.5920000076293945,0.0,1.6519999504089355,729.0080006122589,9,900,100.0,"[557, 557, 582, 589, 588, 589, 578, 538, 152]"
592,8,4738,18.025703626064388,1.8482010375464597e-6,0.05299997329711914,1.6850001811981201,0.0,1.7380001544952393,730.7460007667542,9,900,100.0,"[558, 558, 583, 590, 589, 590, 579, 539, 152]"
593,7,4745,18.025703823504227,1.974398387005749e-7,0.06099987030029297,1.5900001525878906,0.0,1.6510000228881836,732.3970007896423,9,900,100.0,"[559, 559, 584, 591, 590, 591, 580, 539, 152]"
594,8,4753,18.02570705540961,3.2319053850926593e-6,0.05299997329711914,1.6359999179840088,0.0009999275207519531,1.6899998188018799,734.0870006084442,9,900,100.0,"[560, 560, 585, 592, 591, 592, 581, 540, 152]"
595,8,4761,18.025707715842945,6.604333329107703e-7,0.05500006675720215,1.5959999561309814,0.0,1.6510000228881836,735.7380006313324,9,900,100.0,"[561, 561, 586, 593, 592, 593, 582, 541, 152]"
596,8,4769,18.025710923520773,3.2076778282430496e-6,0.057000160217285156,1.616999864578247,0.0,1.6740000247955322,737.4120006561279,9,900,100.0,"[562, 562, 587, 594, 593, 594, 583, 542, 152]"
597,8,4777,18.02571205477435,1.1312535761476283e-6,0.05900001525878906,1.5850000381469727,0.0,1.6440000534057617,739.0560007095337,9,900,100.0,"[563, 563, 588, 595, 594, 595, 584, 543, 152]"
598,8,4785,18.02572128310434,9.228329989952044e-6,0.06299996376037598,1.5889999866485596,0.0,1.6519999504089355,740.7080006599426,9,900,100.0,"[564, 564, 589, 596, 595, 596, 585, 544, 152]"
599,8,4793,18.025724084247766,2.801143427433317e-6,0.053999900817871094,1.5870001316070557,0.0,1.6410000324249268,742.3490006923676,9,900,100.0,"[565, 565, 590, 597, 596, 597, 586, 545, 152]"
600,9,4802,18.025733594054415,9.50980664882195e-6,0.0559999942779541,1.5799999237060547,0.0,1.6359999179840088,743.9850006103516,9,900,100.0,"[566, 566, 591, 598, 597, 598, 587, 546, 153]"
